load_zone,timestamp,ZoneTotalCentralDispatch,ZoneTotalDistributedDispatch,zone_demand_mw,StorageNetCharge,ChargeEVs,ShiftDemand
Oahu,2020-01-12 00:00,651.55,0,646.601,3.76176,1.18636,0
Oahu,2020-01-12 02:00,593.214,0,592.355,0,0.859446,0
Oahu,2020-01-12 04:00,654.352,0,653.488,0,0.863464,0
Oahu,2020-01-12 06:00,914.226,0,913.182,0,1.04417,0
Oahu,2020-01-12 08:00,1006.41,0,1004.81,0,1.59563,0
Oahu,2020-01-12 10:00,1063.96,0,1061.22,0,2.74151,0
Oahu,2020-01-12 12:00,1070.95,0,1064.04,3.76176,3.14321,0
Oahu,2020-01-12 14:00,1054.51,0,1050.26,0.417973,3.83282,0
Oahu,2020-01-12 16:00,1023.51,0,1019.38,0,4.12742,0
Oahu,2020-01-12 18:00,1077.32,0,1070.67,0,6.65109,0
Oahu,2020-01-12 20:00,968.305,0,962.135,0,6.17026,0
Oahu,2020-01-12 22:00,803.82,0,801.948,0.325461,1.54632,0
Oahu,2020-01-19 00:00,613.827,0,608.879,3.76176,1.18636,0
Oahu,2020-01-19 02:00,556.712,0,555.852,0,0.859446,0
Oahu,2020-01-19 04:00,627.431,0,625.672,0.8958,0.863464,0
Oahu,2020-01-19 06:00,886.152,0,885.107,0,1.04417,0
Oahu,2020-01-19 08:00,965.602,0,964.006,0,1.59563,0
Oahu,2020-01-19 10:00,1017.24,0,1010.74,3.76176,2.74151,0
Oahu,2020-01-19 12:00,1030.67,0,1027.32,0.20591,3.14321,0
Oahu,2020-01-19 14:00,1027.53,0,1023.49,0.212064,3.83282,0
Oahu,2020-01-19 16:00,1001.25,0,997.127,0,4.12742,0
Oahu,2020-01-19 18:00,1058.29,0,1051.64,0,6.65109,0
Oahu,2020-01-19 20:00,954.686,0,948.516,0,6.17026,0
Oahu,2020-01-19 22:00,789.597,0,788.051,0,1.54632,0
Oahu,2020-02-12 00:00,546.44,0,545.253,0,1.18636,0
Oahu,2020-02-12 02:00,505.681,0,504.821,0,0.859446,0
Oahu,2020-02-12 04:00,588.976,0,584.351,3.76176,0.863464,0
Oahu,2020-02-12 06:00,843.828,0,842.783,0,1.04417,0
Oahu,2020-02-12 08:00,922.607,0,918.57,2.44149,1.59563,0
Oahu,2020-02-12 10:00,969.591,0,966.85,0,2.74151,0
Oahu,2020-02-12 12:00,989.996,0,986.435,0.417973,3.14321,0
Oahu,2020-02-12 14:00,997.649,0,990.054,3.76176,3.83282,0
Oahu,2020-02-12 16:00,987.605,0,983.478,0,4.12742,0
Oahu,2020-02-12 18:00,1076.39,0,1069.74,0,6.65109,0
Oahu,2020-02-12 20:00,962.235,0,956.065,0,6.17026,0
Oahu,2020-02-12 22:00,749.535,0,744.227,3.76176,1.54632,0
Oahu,2020-05-02 00:00,627.611,0,622.663,3.76176,1.18636,0
Oahu,2020-05-02 02:00,577.558,0,576.699,0,0.859446,0
Oahu,2020-05-02 04:00,633.931,0,631.06,2.00781,0.863464,0
Oahu,2020-05-02 06:00,893.069,0,892.025,0,1.04417,0
Oahu,2020-05-02 08:00,999.496,0,994.139,3.76176,1.59563,0
Oahu,2020-05-02 10:00,1048.73,0,1045.99,0,2.74151,0
Oahu,2020-05-02 12:00,1069.2,0,1066.06,0,3.14321,0
Oahu,2020-05-02 14:00,1075.54,0,1067.95,3.76176,3.83282,0
Oahu,2020-05-02 16:00,1050.89,0,1046.35,0.417973,4.12742,0
Oahu,2020-05-02 18:00,1068.59,0,1061.94,0,6.65109,0
Oahu,2020-05-02 20:00,1005.5,0,999.33,0,6.17026,0
Oahu,2020-05-02 22:00,794.002,0,792.456,0,1.54632,0
Oahu,2020-09-22 00:00,706.479,0,701.531,3.76176,1.18636,0
Oahu,2020-09-22 02:00,642.291,0,641.431,0,0.859446,0
Oahu,2020-09-22 04:00,659.026,0,658.162,0,0.863464,0
Oahu,2020-09-22 06:00,795.537,0,794.493,0,1.04417,0
Oahu,2020-09-22 08:00,990.528,0,988.906,0.0261949,1.59563,0
Oahu,2020-09-22 10:00,1061.63,0,1058.89,0,2.74151,0
Oahu,2020-09-22 12:00,1067.38,0,1060.47,3.76176,3.14321,0
Oahu,2020-09-22 14:00,1057.62,0,1053.37,0.417973,3.83282,0
Oahu,2020-09-22 16:00,1044.34,0,1040.22,0,4.12742,0
Oahu,2020-09-22 18:00,1071.53,0,1064.88,0,6.65109,0
Oahu,2020-09-22 20:00,983.826,0,974.523,3.13339,6.17026,0
Oahu,2020-09-22 22:00,850.379,0,848.833,0,1.54632,0
Oahu,2020-10-27 00:00,694.825,0,689.877,3.76176,1.18636,0
Oahu,2020-10-27 02:00,630.982,0,629.705,0.417973,0.859446,0
Oahu,2020-10-27 04:00,652.542,0,651.679,0,0.863464,0
Oahu,2020-10-27 06:00,787.109,0,786.065,0,1.04417,0
Oahu,2020-10-27 08:00,992.826,0,987.469,3.76176,1.59563,0
Oahu,2020-10-27 10:00,1052.36,0,1049.62,0,2.74151,0
Oahu,2020-10-27 12:00,1052.75,0,1049.19,0.417973,3.14321,0
Oahu,2020-10-27 14:00,1020.12,0,1016.29,0,3.83282,0
Oahu,2020-10-27 16:00,1002.76,0,998.637,0,4.12742,0
Oahu,2020-10-27 18:00,1053.9,0,1047.25,0,6.65109,0
Oahu,2020-10-27 20:00,967.271,0,961.101,0,6.17026,0
Oahu,2020-10-27 22:00,832.748,0,831.202,0,1.54632,0
Oahu,2020-12-15 00:00,656.329,0,655.143,0,1.18636,0
Oahu,2020-12-15 02:00,592.633,0,588.012,3.76176,0.859446,0
Oahu,2020-12-15 04:00,614.065,0,613.201,0,0.863464,0
Oahu,2020-12-15 06:00,745.716,0,744.672,0,1.04417,0
Oahu,2020-12-15 08:00,922.75,0,921.155,0,1.59563,0
Oahu,2020-12-15 10:00,976.312,0,973.271,0.298898,2.74151,0
Oahu,2020-12-15 12:00,964.384,0,961.121,0.119075,3.14321,0
Oahu,2020-12-15 14:00,936.722,0,929.127,3.76176,3.83282,0
Oahu,2020-12-15 16:00,948.135,0,944.008,0,4.12742,0
Oahu,2020-12-15 18:00,1016.77,0,1010.11,0,6.65109,0
Oahu,2020-12-15 20:00,934.222,0,928.052,0,6.17026,0
Oahu,2020-12-15 22:00,794.819,0,793.273,0,1.54632,0
Oahu,2020-02-20 00:00,604.127,0,602.523,0.417973,1.18636,0
Oahu,2020-02-20 02:00,556.111,0,551.49,3.76176,0.859446,0
Oahu,2020-02-20 04:00,624.264,0,623.4,0,0.863464,0
Oahu,2020-02-20 06:00,875.96,0,874.916,0,1.04417,0
Oahu,2020-02-20 08:00,976.463,0,974.867,0,1.59563,0
Oahu,2020-02-20 10:00,1042.22,0,1035.72,3.76176,2.74151,0
Oahu,2020-02-20 12:00,1060.09,0,1056.53,0.417973,3.14321,0
Oahu,2020-02-20 14:00,1065.46,0,1061.63,0,3.83282,0
Oahu,2020-02-20 16:00,1056.45,0,1052.32,0,4.12742,0
Oahu,2020-02-20 18:00,1107.06,0,1100.41,0,6.65109,0
Oahu,2020-02-20 20:00,986.525,0,980.355,0,6.17026,0
Oahu,2020-02-20 22:00,760.488,0,758.942,0,1.54632,0
Oahu,2020-04-10 00:00,579.933,0,578.746,0,1.18636,0
Oahu,2020-04-10 02:00,545.64,0,541.019,3.76176,0.859446,0
Oahu,2020-04-10 04:00,629.924,0,629.06,0,0.863464,0
Oahu,2020-04-10 06:00,884.82,0,883.776,0,1.04417,0
Oahu,2020-04-10 08:00,979.835,0,978.239,0,1.59563,0
Oahu,2020-04-10 10:00,1033.53,0,1027.03,3.76176,2.74151,0
Oahu,2020-04-10 12:00,1020.37,0,1017.22,0,3.14321,0
Oahu,2020-04-10 14:00,1043.21,0,1038.96,0.417973,3.83282,0
Oahu,2020-04-10 16:00,1035.68,0,1031.55,0,4.12742,0
Oahu,2020-04-10 18:00,1101.63,0,1094.98,0,6.65109,0
Oahu,2020-04-10 20:00,1009.11,0,1002.94,0,6.17026,0
Oahu,2020-04-10 22:00,781.696,0,779.583,0.566831,1.54632,0
Oahu,2020-06-17 00:00,675.837,0,671.77,2.88063,1.18636,0
Oahu,2020-06-17 02:00,618.793,0,616.635,1.2991,0.859446,0
Oahu,2020-06-17 04:00,680.313,0,679.449,0,0.863464,0
Oahu,2020-06-17 06:00,895.731,0,894.687,0,1.04417,0
Oahu,2020-06-17 08:00,1038.9,0,1037.31,0,1.59563,0
Oahu,2020-06-17 10:00,1102.98,0,1099.2,1.03821,2.74151,0
Oahu,2020-06-17 12:00,1123.62,0,1117.34,3.14152,3.14321,0
Oahu,2020-06-17 14:00,1115.26,0,1111.43,0,3.83282,0
Oahu,2020-06-17 16:00,1092.1,0,1087.97,0,4.12742,0
Oahu,2020-06-17 18:00,1080.37,0,1073.72,0,6.65109,0
Oahu,2020-06-17 20:00,1047.66,0,1041.49,0,6.17026,0
Oahu,2020-06-17 22:00,830.928,0,829.381,0,1.54632,0
Oahu,2020-08-18 00:00,672.205,0,671.019,0,1.18636,0
Oahu,2020-08-18 02:00,628.419,0,623.798,3.76176,0.859446,0
Oahu,2020-08-18 04:00,685.982,0,684.701,0.417973,0.863464,0
Oahu,2020-08-18 06:00,932.836,0,931.792,0,1.04417,0
Oahu,2020-08-18 08:00,1077.96,0,1076.36,0,1.59563,0
Oahu,2020-08-18 10:00,1146.69,0,1143.95,0,2.74151,0
Oahu,2020-08-18 12:00,1175.32,0,1169.2,2.97806,3.14321,0
Oahu,2020-08-18 14:00,1178.17,0,1173.14,1.20167,3.83282,0
Oahu,2020-08-18 16:00,1151.09,0,1146.97,0,4.12742,0
Oahu,2020-08-18 18:00,1121.71,0,1115.06,0,6.65109,0
Oahu,2020-08-18 20:00,1081.13,0,1074.96,0,6.17026,0
Oahu,2020-08-18 22:00,849.434,0,844.126,3.76176,1.54632,0
Oahu,2020-09-10 00:00,670.894,0,669.29,0.417973,1.18636,0
Oahu,2020-09-10 02:00,625.519,0,620.898,3.76176,0.859446,0
Oahu,2020-09-10 04:00,686.166,0,685.302,0,0.863464,0
Oahu,2020-09-10 06:00,927.123,0,926.078,0,1.04417,0
Oahu,2020-09-10 08:00,1053.35,0,1050.87,0.886608,1.59563,0
Oahu,2020-09-10 10:00,1127.66,0,1124.92,0,2.74151,0
Oahu,2020-09-10 12:00,1143.94,0,1137.03,3.76176,3.14321,0
Oahu,2020-09-10 14:00,1140.91,0,1137.07,0,3.83282,0
Oahu,2020-09-10 16:00,1126.35,0,1122.22,0,4.12742,0
Oahu,2020-09-10 18:00,1143.04,0,1136.39,0,6.65109,0
Oahu,2020-09-10 20:00,1048.52,0,1042.35,0,6.17026,0
Oahu,2020-09-10 22:00,816.29,0,814.743,0,1.54632,0
Oahu,2020-11-22 00:00,630.98,0,626.032,3.76176,1.18636,0
Oahu,2020-11-22 02:00,562.755,0,561.477,0.417973,0.859446,0
Oahu,2020-11-22 04:00,584.754,0,583.89,0,0.863464,0
Oahu,2020-11-22 06:00,713.281,0,712.236,0,1.04417,0
Oahu,2020-11-22 08:00,887.262,0,885.666,0,1.59563,0
Oahu,2020-11-22 10:00,962.315,0,959.156,0.417973,2.74151,0
Oahu,2020-11-22 12:00,947.146,0,944.002,0,3.14321,0
Oahu,2020-11-22 14:00,910.412,0,902.817,3.76176,3.83282,0
Oahu,2020-11-22 16:00,932.311,0,928.183,0,4.12742,0
Oahu,2020-11-22 18:00,978.919,0,972.268,0,6.65109,0
Oahu,2020-11-22 20:00,880.453,0,874.282,0,6.17026,0
Oahu,2020-11-22 22:00,748.127,0,746.581,0,1.54632,0
Oahu,2025-01-12 00:00,691.807,0,670.744,17.9944,3.06879,0
Oahu,2025-01-12 02:00,616.445,0,614.222,0,2.22315,0
Oahu,2025-01-12 04:00,698.147,0,677.919,17.9944,2.23354,0
Oahu,2025-01-12 06:00,951.203,0,948.502,0,2.70097,0
Oahu,2025-01-12 08:00,1048.1,0,1043.97,0,4.12744,0
Oahu,2025-01-12 10:00,1115.85,0,1102.75,6.01112,7.09153,0
Oahu,2025-01-12 12:00,1127.8,0,1105.69,13.9827,8.13062,0
Oahu,2025-01-12 14:00,1101.24,0,1091.32,0,9.91444,0
Oahu,2025-01-12 16:00,1073.98,0,1059.15,4.14846,10.6765,0
Oahu,2025-01-12 18:00,1129.8,0,1112.59,0,17.2045,0
Oahu,2025-01-12 20:00,1015.47,0,999.507,0,15.9607,0
Oahu,2025-01-12 22:00,836.604,0,832.604,0,3.99989,0
Oahu,2025-01-19 00:00,634.508,0,631.439,0,3.06879,0
Oahu,2025-01-19 02:00,596.407,0,576.189,17.9944,2.22315,0
Oahu,2025-01-19 04:00,653.17,0,648.937,1.99938,2.23354,0
Oahu,2025-01-19 06:00,921.951,0,919.25,0,2.70097,0
Oahu,2025-01-19 08:00,1005.58,0,1001.46,0,4.12744,0
Oahu,2025-01-19 10:00,1075.23,0,1050.15,17.9944,7.09153,0
Oahu,2025-01-19 12:00,1077.56,0,1067.43,1.99938,8.13062,0
Oahu,2025-01-19 14:00,1073.34,0,1063.43,0,9.91444,0
Oahu,2025-01-19 16:00,1046.64,0,1035.97,0,10.6765,0
Oahu,2025-01-19 18:00,1109.97,0,1092.77,0,17.2045,0
Oahu,2025-01-19 20:00,1001.28,0,985.318,0,15.9607,0
Oahu,2025-01-19 22:00,822.124,0,818.124,0,3.99989,0
Oahu,2025-02-12 00:00,570.214,0,565.146,1.99938,3.06879,0
Oahu,2025-02-12 02:00,543.236,0,523.019,17.9944,2.22315,0
Oahu,2025-02-12 04:00,608.116,0,605.883,0,2.23354,0
Oahu,2025-02-12 06:00,877.853,0,875.152,0,2.70097,0
Oahu,2025-02-12 08:00,960.181,0,954.116,1.93818,4.12744,0
Oahu,2025-02-12 10:00,1011.51,0,1004.42,0,7.09153,0
Oahu,2025-02-12 12:00,1034.96,0,1024.83,1.99938,8.13062,0
Oahu,2025-02-12 14:00,1056.51,0,1028.6,17.9944,9.91444,0
Oahu,2025-02-12 16:00,1032.42,0,1021.75,0,10.6765,0
Oahu,2025-02-12 18:00,1128.83,0,1111.62,0,17.2045,0
Oahu,2025-02-12 20:00,1012.86,0,993.183,3.71841,15.9607,0
Oahu,2025-02-12 22:00,776.463,0,772.463,0,3.99989,0
Oahu,2025-05-02 00:00,649.118,0,645.801,0.248033,3.06879,0
Oahu,2025-05-02 02:00,618.128,0,597.91,17.9944,2.22315,0
Oahu,2025-05-02 04:00,658.535,0,654.55,1.75134,2.23354,0
Oahu,2025-05-02 06:00,929.159,0,926.458,0,2.70097,0
Oahu,2025-05-02 08:00,1036.98,0,1032.85,0,4.12744,0
Oahu,2025-05-02 10:00,1111.96,0,1086.88,17.9944,7.09153,0
Oahu,2025-05-02 12:00,1115.92,0,1107.79,0,8.13062,0
Oahu,2025-05-02 14:00,1119.67,0,1109.76,0,9.91444,0
Oahu,2025-05-02 16:00,1115.92,0,1087.25,17.9944,10.6765,0
Oahu,2025-05-02 18:00,1120.7,0,1103.5,0,17.2045,0
Oahu,2025-05-02 20:00,1054.22,0,1038.26,0,15.9607,0
Oahu,2025-05-02 22:00,826.713,0,822.714,0,3.99989,0
Oahu,2025-09-22 00:00,731.045,0,727.976,0,3.06879,0
Oahu,2025-09-22 02:00,685.574,0,665.356,17.9944,2.22315,0
Oahu,2025-09-22 04:00,685.023,0,682.789,0,2.23354,0
Oahu,2025-09-22 06:00,833.962,0,824.836,6.42471,2.70097,0
Oahu,2025-09-22 08:00,1031.53,0,1027.4,0,4.12744,0
Oahu,2025-09-22 10:00,1125.41,0,1100.32,17.9944,7.09153,0
Oahu,2025-09-22 12:00,1112.1,0,1101.97,1.99938,8.13062,0
Oahu,2025-09-22 14:00,1104.48,0,1094.57,0,9.91444,0
Oahu,2025-09-22 16:00,1101.28,0,1080.86,9.73574,10.6765,0
Oahu,2025-09-22 18:00,1123.76,0,1106.56,0,17.2045,0
Oahu,2025-09-22 20:00,1028.38,0,1012.41,0,15.9607,0
Oahu,2025-09-22 22:00,885.454,0,881.454,0,3.99989,0
Oahu,2025-10-27 00:00,729.145,0,715.834,10.2429,3.06879,0
Oahu,2025-10-27 02:00,655.362,0,653.139,0,2.22315,0
Oahu,2025-10-27 04:00,678.267,0,676.034,0,2.23354,0
Oahu,2025-10-27 06:00,818.756,0,816.055,0,2.70097,0
Oahu,2025-10-27 08:00,1042.46,0,1025.9,12.4318,4.12744,0
Oahu,2025-10-27 10:00,1097.75,0,1090.66,0,7.09153,0
Oahu,2025-10-27 12:00,1116.34,0,1090.22,17.9944,8.13062,0
Oahu,2025-10-27 14:00,1067.85,0,1055.93,1.99938,9.91444,0
Oahu,2025-10-27 16:00,1048.22,0,1037.54,0,10.6765,0
Oahu,2025-10-27 18:00,1105.39,0,1088.19,0,17.2045,0
Oahu,2025-10-27 20:00,1015.44,0,998.43,1.0477,15.9607,0
Oahu,2025-10-27 22:00,867.084,0,863.084,0,3.99989,0
Oahu,2025-12-15 00:00,682.712,0,679.643,0,3.06879,0
Oahu,2025-12-15 02:00,629.915,0,609.697,17.9944,2.22315,0
Oahu,2025-12-15 04:00,638.176,0,635.943,0,2.23354,0
Oahu,2025-12-15 06:00,775.627,0,772.926,0,2.70097,0
Oahu,2025-12-15 08:00,960.937,0,956.809,0,4.12744,0
Oahu,2025-12-15 10:00,1019.61,0,1011.11,1.41009,7.09153,0
Oahu,2025-12-15 12:00,1024.58,0,998.451,17.9944,8.13062,0
Oahu,2025-12-15 14:00,975.03,0,965.116,0,9.91444,0
Oahu,2025-12-15 16:00,997.507,0,980.62,6.21073,10.6765,0
Oahu,2025-12-15 18:00,1066.7,0,1049.5,0,17.2045,0
Oahu,2025-12-15 20:00,979.956,0,963.996,0,15.9607,0
Oahu,2025-12-15 22:00,827.565,0,823.565,0,3.99989,0
Oahu,2025-02-20 00:00,629.885,0,624.817,1.99938,3.06879,0
Oahu,2025-02-20 02:00,591.861,0,571.644,17.9944,2.22315,0
Oahu,2025-02-20 04:00,648.803,0,646.57,0,2.23354,0
Oahu,2025-02-20 06:00,911.333,0,908.632,0,2.70097,0
Oahu,2025-02-20 08:00,1016.9,0,1012.77,0,4.12744,0
Oahu,2025-02-20 10:00,1099.84,0,1076.17,16.5786,7.09153,0
Oahu,2025-02-20 12:00,1109.41,0,1097.86,3.41513,8.13062,0
Oahu,2025-02-20 14:00,1113.09,0,1103.18,0,9.91444,0
Oahu,2025-02-20 16:00,1104.15,0,1093.47,0,10.6765,0
Oahu,2025-02-20 18:00,1160.79,0,1143.58,0,17.2045,0
Oahu,2025-02-20 20:00,1034.45,0,1018.49,0,15.9607,0
Oahu,2025-02-20 22:00,791.794,0,787.794,0,3.99989,0
Oahu,2025-04-10 00:00,603.112,0,600.043,0,3.06879,0
Oahu,2025-04-10 02:00,580.951,0,560.734,17.9944,2.22315,0
Oahu,2025-04-10 04:00,656.7,0,652.467,1.99938,2.23354,0
Oahu,2025-04-10 06:00,920.564,0,917.863,0,2.70097,0
Oahu,2025-04-10 08:00,1020.41,0,1016.29,0,4.12744,0
Oahu,2025-04-10 10:00,1076.21,0,1067.12,1.99938,7.09153,0
Oahu,2025-04-10 12:00,1083.03,0,1056.91,17.9944,8.13062,0
Oahu,2025-04-10 14:00,1089.47,0,1079.55,0,9.91444,0
Oahu,2025-04-10 16:00,1082.51,0,1071.83,0,10.6765,0
Oahu,2025-04-10 18:00,1155.12,0,1137.92,0,17.2045,0
Oahu,2025-04-10 20:00,1057.98,0,1042.02,0,15.9607,0
Oahu,2025-04-10 22:00,813.301,0,809.301,0,3.99989,0
Oahu,2025-06-17 00:00,700.037,0,696.968,0,3.06879,0
Oahu,2025-06-17 02:00,643.743,0,639.52,1.99938,2.22315,0
Oahu,2025-06-17 04:00,725.196,0,704.969,17.9944,2.23354,0
Oahu,2025-06-17 06:00,931.933,0,929.232,0,2.70097,0
Oahu,2025-06-17 08:00,1081.96,0,1077.83,0,4.12744,0
Oahu,2025-06-17 10:00,1167.4,0,1142.32,17.9944,7.09153,0
Oahu,2025-06-17 12:00,1171.35,0,1161.22,1.99938,8.13062,0
Oahu,2025-06-17 14:00,1164.98,0,1155.06,0,9.91444,0
Oahu,2025-06-17 16:00,1141.3,0,1130.62,0,10.6765,0
Oahu,2025-06-17 18:00,1132.98,0,1115.77,0,17.2045,0
Oahu,2025-06-17 20:00,1098.16,0,1082.19,0,15.9607,0
Oahu,2025-06-17 22:00,865.187,0,861.187,0,3.99989,0
Oahu,2025-08-18 00:00,717.248,0,696.185,17.9944,3.06879,0
Oahu,2025-08-18 02:00,649.207,0,646.984,0,2.22315,0
Oahu,2025-08-18 04:00,730.668,0,710.44,17.9944,2.23354,0
Oahu,2025-08-18 06:00,970.593,0,967.892,0,2.70097,0
Oahu,2025-08-18 08:00,1122.65,0,1118.53,0,4.12744,0
Oahu,2025-08-18 10:00,1196.04,0,1188.94,0,7.09153,0
Oahu,2025-08-18 12:00,1227.69,0,1215.25,4.31002,8.13062,0
Oahu,2025-08-18 14:00,1244.96,0,1219.36,15.6838,9.91444,0
Oahu,2025-08-18 16:00,1202.76,0,1192.09,0,10.6765,0
Oahu,2025-08-18 18:00,1176.05,0,1158.84,0,17.2045,0
Oahu,2025-08-18 20:00,1133.02,0,1117.06,0,15.9607,0
Oahu,2025-08-18 22:00,880.551,0,876.551,0,3.99989,0
Oahu,2025-09-10 00:00,715.446,0,694.383,17.9944,3.06879,0
Oahu,2025-09-10 02:00,646.635,0,643.963,0.449436,2.22315,0
Oahu,2025-09-10 04:00,714.85,0,711.067,1.54994,2.23354,0
Oahu,2025-09-10 06:00,964.64,0,961.939,0,2.70097,0
Oahu,2025-09-10 08:00,1114.08,0,1091.96,17.9944,4.12744,0
Oahu,2025-09-10 10:00,1178.21,0,1169.12,1.99938,7.09153,0
Oahu,2025-09-10 12:00,1189.87,0,1181.74,0,8.13062,0
Oahu,2025-09-10 14:00,1209.69,0,1181.78,17.9944,9.91444,0
Oahu,2025-09-10 16:00,1176.98,0,1166.31,0,10.6765,0
Oahu,2025-09-10 18:00,1198.27,0,1181.07,0,17.2045,0
Oahu,2025-09-10 20:00,1099.05,0,1083.09,0,15.9607,0
Oahu,2025-09-10 22:00,849.936,0,845.936,0,3.99989,0
Oahu,2025-11-22 00:00,670.374,0,649.311,17.9944,3.06879,0
Oahu,2025-11-22 02:00,586.273,0,582.05,1.99938,2.22315,0
Oahu,2025-11-22 04:00,607.636,0,605.403,0,2.23354,0
Oahu,2025-11-22 06:00,741.832,0,739.131,0,2.70097,0
Oahu,2025-11-22 08:00,923.96,0,919.832,0,4.12744,0
Oahu,2025-11-22 10:00,1003.49,0,996.403,0,7.09153,0
Oahu,2025-11-22 12:00,990.745,0,980.615,1.99938,8.13062,0
Oahu,2025-11-22 14:00,965.611,0,937.702,17.9944,9.91444,0
Oahu,2025-11-22 16:00,974.809,0,964.132,0,10.6765,0
Oahu,2025-11-22 18:00,1027.27,0,1010.07,0,17.2045,0
Oahu,2025-11-22 20:00,923.932,0,907.971,0,15.9607,0
Oahu,2025-11-22 22:00,778.915,0,774.915,0,3.99989,0
Oahu,2030-01-12 00:00,697.847,0,690.864,0,6.98367,0
Oahu,2030-01-12 02:00,784.319,0,633.73,145.53,5.05924,0
Oahu,2030-01-12 04:00,703.2,0,698.117,0,5.08289,0
Oahu,2030-01-12 06:00,977.78,0,971.633,0,6.14662,0
Oahu,2030-01-12 08:00,1221.26,0,1068.14,143.731,9.39285,0
Oahu,2030-01-12 10:00,1254.21,0,1127.55,110.527,16.1383,0
Oahu,2030-01-12 12:00,1351.1,0,1130.52,202.075,18.5029,0
Oahu,2030-01-12 14:00,1513.62,0,1116,375.057,22.5624,0
Oahu,2030-01-12 16:00,1241.66,0,1083.48,133.883,24.2966,0
Oahu,2030-01-12 18:00,1176.66,0,1137.5,0,39.1525,0
Oahu,2030-01-12 20:00,1059.51,0,1023.19,0,36.322,0
Oahu,2030-01-12 22:00,863.582,0,854.479,0,9.10259,0
Oahu,2030-01-19 00:00,700.331,0,651.133,42.2141,6.98367,0
Oahu,2030-01-19 02:00,688.233,0,595.284,87.8895,5.05924,0
Oahu,2030-01-19 04:00,777.966,0,668.82,104.063,5.08289,0
Oahu,2030-01-19 06:00,948.211,0,942.064,0,6.14662,0
Oahu,2030-01-19 08:00,1227.32,0,1025.16,192.762,9.39285,0
Oahu,2030-01-19 10:00,1303.87,0,1074.38,213.348,16.1383,0
Oahu,2030-01-19 12:00,1435.35,0,1091.85,324.995,18.5029,0
Oahu,2030-01-19 14:00,1110.37,0,1087.81,0,22.5624,0
Oahu,2030-01-19 16:00,1084.34,0,1060.05,0,24.2966,0
Oahu,2030-01-19 18:00,1156.62,0,1117.46,0,39.1525,0
Oahu,2030-01-19 20:00,1045.17,0,1008.85,0,36.322,0
Oahu,2030-01-19 22:00,848.944,0,839.842,0,9.10259,0
Oahu,2030-02-12 00:00,592.457,0,584.121,1.35227,6.98367,0
Oahu,2030-02-12 02:00,553.914,0,541.537,7.31771,5.05924,0
Oahu,2030-02-12 04:00,630.383,0,625.3,0,5.08289,0
Oahu,2030-02-12 06:00,903.634,0,897.488,0,6.14662,0
Oahu,2030-02-12 08:00,1006.44,0,977.308,19.7366,9.39285,0
Oahu,2030-02-12 10:00,1407.68,0,1028.16,363.38,16.1383,0
Oahu,2030-02-12 12:00,1402.61,0,1048.79,335.318,18.5029,0
Oahu,2030-02-12 14:00,1322,0,1052.6,246.838,22.5624,0
Oahu,2030-02-12 16:00,1069.97,0,1045.67,0,24.2966,0
Oahu,2030-02-12 18:00,1175.68,0,1136.52,0,39.1525,0
Oahu,2030-02-12 20:00,1053.12,0,1016.8,0,36.322,0
Oahu,2030-02-12 22:00,802.788,0,793.686,0,9.10259,0
Oahu,2030-05-02 00:00,672.635,0,665.651,0,6.98367,0
Oahu,2030-05-02 02:00,647.314,0,617.241,25.014,5.05924,0
Oahu,2030-05-02 04:00,679.577,0,674.495,0,5.08289,0
Oahu,2030-05-02 06:00,955.497,0,949.351,0,6.14662,0
Oahu,2030-05-02 08:00,1204.68,0,1056.9,138.388,9.39285,0
Oahu,2030-05-02 10:00,1488.44,0,1111.51,360.793,16.1383,0
Oahu,2030-05-02 12:00,1202.23,0,1132.65,51.0813,18.5029,0
Oahu,2030-05-02 14:00,1474.6,0,1134.64,317.397,22.5624,0
Oahu,2030-05-02 16:00,1233.8,0,1111.89,97.6133,24.2966,0
Oahu,2030-05-02 18:00,1167.46,0,1128.31,0,39.1525,0
Oahu,2030-05-02 20:00,1098.69,0,1062.37,0,36.322,0
Oahu,2030-05-02 22:00,853.584,0,844.481,0,9.10259,0
Oahu,2030-09-22 00:00,789.212,0,748.717,33.512,6.98367,0
Oahu,2030-09-22 02:00,690.477,0,685.418,0,5.05924,0
Oahu,2030-09-22 04:00,747.479,0,703.04,39.3564,5.08289,0
Oahu,2030-09-22 06:00,852.773,0,846.627,0,6.14662,0
Oahu,2030-09-22 08:00,1297.28,0,1051.39,236.496,9.39285,0
Oahu,2030-09-22 10:00,1292.78,0,1125.1,151.543,16.1383,0
Oahu,2030-09-22 12:00,1348.03,0,1126.76,202.765,18.5029,0
Oahu,2030-09-22 14:00,1422.36,0,1119.28,280.52,22.5624,0
Oahu,2030-09-22 16:00,1223.67,0,1105.43,93.9482,24.2966,0
Oahu,2030-09-22 18:00,1170.56,0,1131.4,0,39.1525,0
Oahu,2030-09-22 20:00,1072.56,0,1036.24,0,36.322,0
Oahu,2030-09-22 22:00,912.961,0,903.859,0,9.10259,0
Oahu,2030-10-27 00:00,743.426,0,736.443,0,6.98367,0
Oahu,2030-10-27 02:00,678.127,0,673.068,0,5.05924,0
Oahu,2030-10-27 04:00,701.294,0,696.211,0,5.08289,0
Oahu,2030-10-27 06:00,843.897,0,837.751,0,6.14662,0
Oahu,2030-10-27 08:00,1393.79,0,1049.87,334.519,9.39285,0
Oahu,2030-10-27 10:00,1418.81,0,1115.33,287.344,16.1383,0
Oahu,2030-10-27 12:00,1330.94,0,1114.88,197.553,18.5029,0
Oahu,2030-10-27 14:00,1234.53,0,1080.23,131.739,22.5624,0
Oahu,2030-10-27 16:00,1100.05,0,1061.64,14.1175,24.2966,0
Oahu,2030-10-27 18:00,1151.99,0,1112.84,0,39.1525,0
Oahu,2030-10-27 20:00,1058.42,0,1022.1,0,36.322,0
Oahu,2030-10-27 22:00,894.392,0,885.29,0,9.10259,0
Oahu,2030-12-15 00:00,706.843,0,699.86,0,6.98367,0
Oahu,2030-12-15 02:00,677.615,0,629.155,43.4,5.05924,0
Oahu,2030-12-15 04:00,660.769,0,655.686,0,5.08289,0
Oahu,2030-12-15 06:00,800.301,0,794.154,0,6.14662,0
Oahu,2030-12-15 08:00,1003.42,0,980.03,13.997,9.39285,0
Oahu,2030-12-15 10:00,1187.34,0,1034.92,136.276,16.1383,0
Oahu,2030-12-15 12:00,1417.73,0,1022.12,377.099,18.5029,0
Oahu,2030-12-15 14:00,1388.09,0,988.427,377.099,22.5624,0
Oahu,2030-12-15 16:00,1082.27,0,1004.1,53.8778,24.2966,0
Oahu,2030-12-15 18:00,1112.88,0,1073.73,0,39.1525,0
Oahu,2030-12-15 20:00,1023.62,0,987.295,0,36.322,0
Oahu,2030-12-15 22:00,854.444,0,845.342,0,9.10259,0
Oahu,2030-02-20 00:00,656.823,0,644.439,5.4001,6.98367,0
Oahu,2030-02-20 02:00,666.297,0,590.69,70.5481,5.05924,0
Oahu,2030-02-20 04:00,671.511,0,666.428,0,5.08289,0
Oahu,2030-02-20 06:00,937.477,0,931.331,0,6.14662,0
Oahu,2030-02-20 08:00,1066.62,0,1036.6,20.6296,9.39285,0
Oahu,2030-02-20 10:00,1455.15,0,1100.69,338.326,16.1383,0
Oahu,2030-02-20 12:00,1503.62,0,1122.61,362.505,18.5029,0
Oahu,2030-02-20 14:00,1394.36,0,1127.98,243.812,22.5624,0
Oahu,2030-02-20 16:00,1142.47,0,1118.18,0,24.2966,0
Oahu,2030-02-20 18:00,1207.98,0,1168.83,0,39.1525,0
Oahu,2030-02-20 20:00,1078.7,0,1042.38,0,36.322,0
Oahu,2030-02-20 22:00,818.286,0,809.184,0,9.10259,0
Oahu,2030-04-10 00:00,626.38,0,619.397,0,6.98367,0
Oahu,2030-04-10 02:00,634.056,0,579.661,49.3354,5.05924,0
Oahu,2030-04-10 04:00,677.472,0,672.389,0,5.08289,0
Oahu,2030-04-10 06:00,946.809,0,940.662,0,6.14662,0
Oahu,2030-04-10 08:00,1175.42,0,1040.15,125.878,9.39285,0
Oahu,2030-04-10 10:00,1375.29,0,1091.54,267.611,16.1383,0
Oahu,2030-04-10 12:00,1371.31,0,1081.21,271.593,18.5029,0
Oahu,2030-04-10 14:00,1404.76,0,1104.11,278.092,22.5624,0
Oahu,2030-04-10 16:00,1142.7,0,1096.3,22.0978,24.2966,0
Oahu,2030-04-10 18:00,1202.26,0,1163.1,0,39.1525,0
Oahu,2030-04-10 20:00,1102.49,0,1066.17,0,36.322,0
Oahu,2030-04-10 22:00,840.026,0,830.923,0,9.10259,0
Oahu,2030-06-17 00:00,805.486,0,717.372,81.1295,6.98367,0
Oahu,2030-06-17 02:00,725.985,0,659.302,61.6242,5.05924,0
Oahu,2030-06-17 04:00,730.983,0,725.46,0.440663,5.08289,0
Oahu,2030-06-17 06:00,958.301,0,952.154,0,6.14662,0
Oahu,2030-06-17 08:00,1357.76,0,1102.36,246.002,9.39285,0
Oahu,2030-06-17 10:00,1479.07,0,1167.55,295.387,16.1383,0
Oahu,2030-06-17 12:00,1391.42,0,1186.65,186.265,18.5029,0
Oahu,2030-06-17 14:00,1422.11,0,1180.43,219.115,22.5624,0
Oahu,2030-06-17 16:00,1198.53,0,1155.73,18.5035,24.2966,0
Oahu,2030-06-17 18:00,1179.87,0,1140.72,0,39.1525,0
Oahu,2030-06-17 20:00,1143.1,0,1106.78,0,36.322,0
Oahu,2030-06-17 22:00,892.475,0,883.372,0,9.10259,0
Oahu,2030-08-18 00:00,809.633,0,716.581,86.0689,6.98367,0
Oahu,2030-08-18 02:00,788.188,0,666.846,116.282,5.05924,0
Oahu,2030-08-18 04:00,736.074,0,730.991,0,5.08289,0
Oahu,2030-08-18 06:00,997.38,0,991.234,0,6.14662,0
Oahu,2030-08-18 08:00,1329.22,0,1143.5,176.322,9.39285,0
Oahu,2030-08-18 10:00,1230.82,0,1214.68,0,16.1383,0
Oahu,2030-08-18 12:00,1636.88,0,1241.27,377.099,18.5029,0
Oahu,2030-08-18 14:00,1611.61,0,1245.42,343.618,22.5624,0
Oahu,2030-08-18 16:00,1313.04,0,1217.86,70.8865,24.2966,0
Oahu,2030-08-18 18:00,1223.41,0,1184.26,0,39.1525,0
Oahu,2030-08-18 20:00,1178.34,0,1142.02,0,36.322,0
Oahu,2030-08-18 22:00,908.005,0,898.902,0,9.10259,0
Oahu,2030-09-10 00:00,812.262,0,714.76,90.5191,6.98367,0
Oahu,2030-09-10 02:00,730.402,0,663.792,61.5508,5.05924,0
Oahu,2030-09-10 04:00,736.707,0,731.624,0,5.08289,0
Oahu,2030-09-10 06:00,991.363,0,985.216,0,6.14662,0
Oahu,2030-09-10 08:00,1310.69,0,1116.65,184.649,9.39285,0
Oahu,2030-09-10 10:00,1347.7,0,1194.64,136.923,16.1383,0
Oahu,2030-09-10 12:00,1555.51,0,1207.4,329.61,18.5029,0
Oahu,2030-09-10 14:00,1416.49,0,1207.44,186.484,22.5624,0
Oahu,2030-09-10 16:00,1343.7,0,1191.8,127.606,24.2966,0
Oahu,2030-09-10 18:00,1245.87,0,1206.72,0,39.1525,0
Oahu,2030-09-10 20:00,1144,0,1107.68,0,36.322,0
Oahu,2030-09-10 22:00,877.058,0,867.955,0,9.10259,0
Oahu,2030-11-22 00:00,721.414,0,669.199,45.2314,6.98367,0
Oahu,2030-11-22 02:00,645.352,0,601.209,39.0841,5.05924,0
Oahu,2030-11-22 04:00,634.818,0,624.815,4.91996,5.08289,0
Oahu,2030-11-22 06:00,766.139,0,759.992,0,6.14662,0
Oahu,2030-11-22 08:00,952.046,0,942.653,0,9.39285,0
Oahu,2030-11-22 10:00,1076.62,0,1020.05,40.4287,16.1383,0
Oahu,2030-11-22 12:00,1215.44,0,1004.09,192.844,18.5029,0
Oahu,2030-11-22 14:00,1149.1,0,960.717,165.826,22.5624,0
Oahu,2030-11-22 16:00,1011.73,0,987.433,0,24.2966,0
Oahu,2030-11-22 18:00,1073.02,0,1033.86,0,39.1525,0
Oahu,2030-11-22 20:00,966.985,0,930.663,0,36.322,0
Oahu,2030-11-22 22:00,805.267,0,796.165,0,9.10259,0
Oahu,2035-01-12 00:00,710.044,0,696.183,0,13.8611,0
Oahu,2035-01-12 02:00,654.291,0,636.593,7.65685,10.0415,0
Oahu,2035-01-12 04:00,713.837,0,703.748,0,10.0884,0
Oahu,2035-01-12 06:00,1001.22,0,989.024,0,12.1997,0
Oahu,2035-01-12 08:00,1292.26,0,1089.68,183.937,18.6428,0
Oahu,2035-01-12 10:00,1378.7,0,1151.64,195.029,32.031,0
Oahu,2035-01-12 12:00,1387.17,0,1154.74,195.697,36.7243,0
Oahu,2035-01-12 14:00,1623.93,0,1139.6,439.549,44.7815,0
Oahu,2035-01-12 16:00,1322.58,0,1105.68,168.677,48.2235,0
Oahu,2035-01-12 18:00,1239.74,0,1162.03,0,77.7093,0
Oahu,2035-01-12 20:00,1114.89,0,1042.8,0,72.0914,0
Oahu,2035-01-12 22:00,884.9,0,866.833,0,18.0667,0
Oahu,2035-01-19 00:00,777.482,0,654.745,108.876,13.8611,0
Oahu,2035-01-19 02:00,757.617,0,596.494,151.082,10.0415,0
Oahu,2035-01-19 04:00,683.441,0,673.192,0.160768,10.0884,0
Oahu,2035-01-19 06:00,970.384,0,958.184,0,12.1997,0
Oahu,2035-01-19 08:00,1346.73,0,1044.86,283.232,18.6428,0
Oahu,2035-01-19 10:00,1426.69,0,1096.19,298.468,32.031,0
Oahu,2035-01-19 12:00,1561.6,0,1114.41,410.468,36.7243,0
Oahu,2035-01-19 14:00,1172.72,0,1110.19,17.7499,44.7815,0
Oahu,2035-01-19 16:00,1129.46,0,1081.24,0,48.2235,0
Oahu,2035-01-19 18:00,1218.83,0,1141.12,0,77.7093,0
Oahu,2035-01-19 20:00,1099.93,0,1027.84,0,72.0914,0
Oahu,2035-01-19 22:00,869.633,0,851.566,0,18.0667,0
Oahu,2035-02-12 00:00,598.712,0,584.851,0,13.8611,0
Oahu,2035-02-12 02:00,550.478,0,540.436,0,10.0415,0
Oahu,2035-02-12 04:00,637.889,0,627.8,0,10.0884,0
Oahu,2035-02-12 06:00,923.89,0,911.691,0,12.1997,0
Oahu,2035-02-12 08:00,1073.79,0,994.943,60.2015,18.6428,0
Oahu,2035-02-12 10:00,1353.72,0,1047.98,273.708,32.031,0
Oahu,2035-02-12 12:00,1509.89,0,1069.49,403.669,36.7243,0
Oahu,2035-02-12 14:00,1526.16,0,1073.47,407.911,44.7815,0
Oahu,2035-02-12 16:00,1151.87,0,1066.24,37.4005,48.2235,0
Oahu,2035-02-12 18:00,1238.71,0,1161,0,77.7093,0
Oahu,2035-02-12 20:00,1108.22,0,1036.13,0,72.0914,0
Oahu,2035-02-12 22:00,821.492,0,803.426,0,18.0667,0
Oahu,2035-05-02 00:00,722.424,0,669.886,38.6764,13.8611,0
Oahu,2035-05-02 02:00,707.213,0,619.395,77.7768,10.0415,0
Oahu,2035-05-02 04:00,689.199,0,679.11,0,10.0884,0
Oahu,2035-05-02 06:00,977.983,0,965.783,0,12.1997,0
Oahu,2035-05-02 08:00,1408,0,1077.96,311.403,18.6428,0
Oahu,2035-05-02 10:00,1553.19,0,1134.91,386.251,32.031,0
Oahu,2035-05-02 12:00,1476.21,0,1156.96,282.527,36.7243,0
Oahu,2035-05-02 14:00,1390.63,0,1159.04,186.813,44.7815,0
Oahu,2035-05-02 16:00,1199.43,0,1135.31,15.8961,48.2235,0
Oahu,2035-05-02 18:00,1230.15,0,1152.44,0,77.7093,0
Oahu,2035-05-02 20:00,1155.75,0,1083.66,0,72.0914,0
Oahu,2035-05-02 22:00,874.472,0,856.405,0,18.0667,0
Oahu,2035-09-22 00:00,770.385,0,756.523,0,13.8611,0
Oahu,2035-09-22 02:00,700.545,0,690.503,0,10.0415,0
Oahu,2035-09-22 04:00,718.971,0,708.883,0,10.0884,0
Oahu,2035-09-22 06:00,870.843,0,858.643,0,12.1997,0
Oahu,2035-09-22 08:00,1218.55,0,1072.21,127.702,18.6428,0
Oahu,2035-09-22 10:00,1475.18,0,1149.09,294.062,32.031,0
Oahu,2035-09-22 12:00,1434.06,0,1150.83,246.506,36.7243,0
Oahu,2035-09-22 14:00,1590,0,1143.02,402.194,44.7815,0
Oahu,2035-09-22 16:00,1289.22,0,1128.57,112.425,48.2235,0
Oahu,2035-09-22 18:00,1233.37,0,1155.66,0,77.7093,0
Oahu,2035-09-22 20:00,1128.5,0,1056.41,0,72.0914,0
Oahu,2035-09-22 22:00,936.403,0,918.336,0,18.0667,0
Oahu,2035-10-27 00:00,757.583,0,743.722,0,13.8611,0
Oahu,2035-10-27 02:00,687.664,0,677.622,0,10.0415,0
Oahu,2035-10-27 04:00,711.849,0,701.761,0,10.0884,0
Oahu,2035-10-27 06:00,861.585,0,849.385,0,12.1997,0
Oahu,2035-10-27 08:00,1513.49,0,1070.63,424.217,18.6428,0
Oahu,2035-10-27 10:00,1567.89,0,1138.9,396.961,32.031,0
Oahu,2035-10-27 12:00,1350.97,0,1138.43,175.816,36.7243,0
Oahu,2035-10-27 14:00,1318.31,0,1102.29,171.239,44.7815,0
Oahu,2035-10-27 16:00,1145.78,0,1082.9,14.6569,48.2235,0
Oahu,2035-10-27 18:00,1214.01,0,1136.3,0,77.7093,0
Oahu,2035-10-27 20:00,1113.75,0,1041.66,0,72.0914,0
Oahu,2035-10-27 22:00,917.035,0,898.968,0,18.0667,0
Oahu,2035-12-15 00:00,719.427,0,705.566,0,13.8611,0
Oahu,2035-12-15 02:00,721.69,0,631.822,79.8273,10.0415,0
Oahu,2035-12-15 04:00,669.581,0,659.493,0,10.0884,0
Oahu,2035-12-15 06:00,816.114,0,803.914,0,12.1997,0
Oahu,2035-12-15 08:00,1105.02,0,997.782,88.59,18.6428,0
Oahu,2035-12-15 10:00,1336.9,0,1055.03,249.835,32.031,0
Oahu,2035-12-15 12:00,1511,0,1041.69,432.586,36.7243,0
Oahu,2035-12-15 14:00,1463.2,0,1006.54,411.879,44.7815,0
Oahu,2035-12-15 16:00,1071.11,0,1022.89,0,48.2235,0
Oahu,2035-12-15 18:00,1173.22,0,1095.51,0,77.7093,0
Oahu,2035-12-15 20:00,1077.45,0,1005.36,0,72.0914,0
Oahu,2035-12-15 22:00,875.369,0,857.303,0,18.0667,0
Oahu,2035-02-20 00:00,691.076,0,647.763,29.4525,13.8611,0
Oahu,2035-02-20 02:00,712.256,0,591.702,110.513,10.0415,0
Oahu,2035-02-20 04:00,680.785,0,670.697,0,10.0884,0
Oahu,2035-02-20 06:00,959.189,0,946.989,0,12.1997,0
Oahu,2035-02-20 08:00,1090.2,0,1056.79,14.7748,18.6428,0
Oahu,2035-02-20 10:00,1530.27,0,1123.63,374.614,32.031,0
Oahu,2035-02-20 12:00,1581.67,0,1146.49,398.452,36.7243,0
Oahu,2035-02-20 14:00,1575.29,0,1152.1,378.411,44.7815,0
Oahu,2035-02-20 16:00,1191.45,0,1141.87,1.36327,48.2235,0
Oahu,2035-02-20 18:00,1272.41,0,1194.7,0,77.7093,0
Oahu,2035-02-20 20:00,1134.91,0,1062.81,0,72.0914,0
Oahu,2035-02-20 22:00,837.657,0,819.59,0,18.0667,0
Oahu,2035-04-10 00:00,635.505,0,621.643,0,13.8611,0
Oahu,2035-04-10 02:00,668.834,0,580.2,78.5926,10.0415,0
Oahu,2035-04-10 04:00,695.645,0,676.914,8.64304,10.0884,0
Oahu,2035-04-10 06:00,968.921,0,956.722,0,12.1997,0
Oahu,2035-04-10 08:00,1134.48,0,1060.49,55.3509,18.6428,0
Oahu,2035-04-10 10:00,1353.63,0,1114.09,207.516,32.031,0
Oahu,2035-04-10 12:00,1433.55,0,1103.31,293.509,36.7243,0
Oahu,2035-04-10 14:00,1494.34,0,1127.19,322.363,44.7815,0
Oahu,2035-04-10 16:00,1237.75,0,1119.05,70.472,48.2235,0
Oahu,2035-04-10 18:00,1266.44,0,1188.73,0,77.7093,0
Oahu,2035-04-10 20:00,1159.72,0,1087.62,0,72.0914,0
Oahu,2035-04-10 22:00,860.331,0,842.264,0,18.0667,0
Oahu,2035-06-17 00:00,766.42,0,723.832,28.7275,13.8611,0
Oahu,2035-06-17 02:00,673.306,0,663.264,0,10.0415,0
Oahu,2035-06-17 04:00,769.001,0,732.267,26.646,10.0884,0
Oahu,2035-06-17 06:00,980.907,0,968.708,0,12.1997,0
Oahu,2035-06-17 08:00,1468.04,0,1125.38,324.023,18.6428,0
Oahu,2035-06-17 10:00,1576.43,0,1193.36,351.037,32.031,0
Oahu,2035-06-17 12:00,1403.54,0,1213.29,153.523,36.7243,0
Oahu,2035-06-17 14:00,1555.21,0,1206.8,303.631,44.7815,0
Oahu,2035-06-17 16:00,1274.82,0,1181.04,45.5629,48.2235,0
Oahu,2035-06-17 18:00,1243.09,0,1165.38,0,77.7093,0
Oahu,2035-06-17 20:00,1202.07,0,1129.98,0,72.0914,0
Oahu,2035-06-17 22:00,915.035,0,896.968,0,18.0667,0
Oahu,2035-08-18 00:00,831.724,0,723.006,94.8573,13.8611,0
Oahu,2035-08-18 02:00,816.882,0,671.133,135.707,10.0415,0
Oahu,2035-08-18 04:00,748.124,0,738.035,0,10.0884,0
Oahu,2035-08-18 06:00,1021.67,0,1009.47,0,12.1997,0
Oahu,2035-08-18 08:00,1498.62,0,1168.28,311.694,18.6428,0
Oahu,2035-08-18 10:00,1451.68,0,1242.52,177.128,32.031,0
Oahu,2035-08-18 12:00,1723.3,0,1270.26,416.321,36.7243,0
Oahu,2035-08-18 14:00,1543.71,0,1274.59,224.341,44.7815,0
Oahu,2035-08-18 16:00,1347.47,0,1245.84,53.4056,48.2235,0
Oahu,2035-08-18 18:00,1288.5,0,1210.79,0,77.7093,0
Oahu,2035-08-18 20:00,1238.83,0,1166.74,0,72.0914,0
Oahu,2035-08-18 22:00,931.233,0,913.166,0,18.0667,0
Oahu,2035-09-10 00:00,790.168,0,721.106,55.2009,13.8611,0
Oahu,2035-09-10 02:00,777.276,0,667.948,99.2869,10.0415,0
Oahu,2035-09-10 04:00,748.785,0,738.696,0,10.0884,0
Oahu,2035-09-10 06:00,1015.39,0,1003.19,0,12.1997,0
Oahu,2035-09-10 08:00,1309.16,0,1140.28,150.245,18.6428,0
Oahu,2035-09-10 10:00,1485.99,0,1221.62,232.343,32.031,0
Oahu,2035-09-10 12:00,1623.98,0,1234.93,352.328,36.7243,0
Oahu,2035-09-10 14:00,1584.66,0,1234.97,304.906,44.7815,0
Oahu,2035-09-10 16:00,1409.95,0,1218.66,143.067,48.2235,0
Oahu,2035-09-10 18:00,1311.93,0,1234.22,0,77.7093,0
Oahu,2035-09-10 20:00,1203.01,0,1130.92,0,72.0914,0
Oahu,2035-09-10 22:00,898.955,0,880.889,0,18.0667,0
Oahu,2035-11-22 00:00,759.891,0,673.587,72.4429,13.8611,0
Oahu,2035-11-22 02:00,667.661,0,602.673,54.946,10.0415,0
Oahu,2035-11-22 04:00,654.718,0,627.294,17.3348,10.0884,0
Oahu,2035-11-22 06:00,780.483,0,768.284,0,12.1997,0
Oahu,2035-11-22 08:00,977.441,0,958.798,0,18.6428,0
Oahu,2035-11-22 10:00,1116.35,0,1039.53,44.7909,32.031,0
Oahu,2035-11-22 12:00,1299.66,0,1022.88,240.053,36.7243,0
Oahu,2035-11-22 14:00,1208.95,0,977.638,186.529,44.7815,0
Oahu,2035-11-22 16:00,1053.73,0,1005.5,0,48.2235,0
Oahu,2035-11-22 18:00,1131.64,0,1053.93,0,77.7093,0
Oahu,2035-11-22 20:00,1018.38,0,946.293,0,72.0914,0
Oahu,2035-11-22 22:00,824.078,0,806.011,0,18.0667,0
Oahu,2040-01-12 00:00,734.431,0,709.233,0,25.1979,0
Oahu,2040-01-12 02:00,665.239,0,646.985,0,18.2543,0
Oahu,2040-01-12 04:00,735.476,0,717.136,0,18.3396,0
Oahu,2040-01-12 06:00,1037.32,0,1015.14,0,22.1777,0
Oahu,2040-01-12 08:00,1424.45,0,1120.28,270.282,33.8905,0
Oahu,2040-01-12 10:00,1742.28,0,1185.01,499.042,58.2287,0
Oahu,2040-01-12 12:00,1846.64,0,1188.25,591.629,66.7607,0
Oahu,2040-01-12 14:00,1696.55,0,1172.43,442.713,81.4077,0
Oahu,2040-01-12 16:00,1368.23,0,1137,143.559,87.6649,0
Oahu,2040-01-12 18:00,1337.12,0,1195.86,0,141.267,0
Oahu,2040-01-12 20:00,1202.37,0,1071.31,0,131.054,0
Oahu,2040-01-12 22:00,920.339,0,887.496,0,32.8432,0
Oahu,2040-01-19 00:00,785.473,0,665.946,94.3291,25.1979,0
Oahu,2040-01-19 02:00,764.805,0,605.098,141.453,18.2543,0
Oahu,2040-01-19 04:00,723.358,0,685.217,19.8017,18.3396,0
Oahu,2040-01-19 06:00,1069.49,0,982.922,64.3925,22.1777,0
Oahu,2040-01-19 08:00,1507.13,0,1073.46,399.784,33.8905,0
Oahu,2040-01-19 10:00,1621.99,0,1127.08,436.685,58.2287,0
Oahu,2040-01-19 12:00,1785.43,0,1146.11,572.556,66.7607,0
Oahu,2040-01-19 14:00,1441.34,0,1141.71,218.224,81.4077,0
Oahu,2040-01-19 16:00,1199.13,0,1111.47,0,87.6649,0
Oahu,2040-01-19 18:00,1315.29,0,1174.02,0,141.267,0
Oahu,2040-01-19 20:00,1186.74,0,1055.68,0,131.054,0
Oahu,2040-01-19 22:00,904.391,0,871.548,0,32.8432,0
Oahu,2040-02-12 00:00,618.133,0,592.935,0,25.1979,0
Oahu,2040-02-12 02:00,564.794,0,546.539,0,18.2543,0
Oahu,2040-02-12 04:00,656.14,0,637.8,0,18.3396,0
Oahu,2040-02-12 06:00,956.532,0,934.354,0,22.1777,0
Oahu,2040-02-12 08:00,1675.7,0,1021.32,620.492,33.8905,0
Oahu,2040-02-12 10:00,1751.28,0,1076.72,616.326,58.2287,0
Oahu,2040-02-12 12:00,1786.45,0,1099.2,620.492,66.7607,0
Oahu,2040-02-12 14:00,1625.62,0,1103.35,440.865,81.4077,0
Oahu,2040-02-12 16:00,1453.01,0,1095.8,269.542,87.6649,0
Oahu,2040-02-12 18:00,1336.05,0,1194.79,0,141.267,0
Oahu,2040-02-12 20:00,1195.4,0,1064.35,0,131.054,0
Oahu,2040-02-12 22:00,854.103,0,821.26,0,32.8432,0
Oahu,2040-05-02 00:00,720.147,0,681.764,13.1855,25.1979,0
Oahu,2040-05-02 02:00,704.708,0,629.02,57.4341,18.2543,0
Oahu,2040-05-02 04:00,709.739,0,691.399,0,18.3396,0
Oahu,2040-05-02 06:00,1013.04,0,990.86,0,22.1777,0
Oahu,2040-05-02 08:00,1141.93,0,1108.04,0,33.8905,0
Oahu,2040-05-02 10:00,1709.05,0,1167.53,483.286,58.2287,0
Oahu,2040-05-02 12:00,1833.85,0,1190.56,576.521,66.7607,0
Oahu,2040-05-02 14:00,1836.17,0,1192.74,562.032,81.4077,0
Oahu,2040-05-02 16:00,1451.97,0,1167.95,196.359,87.6649,0
Oahu,2040-05-02 18:00,1327.11,0,1185.84,0,141.267,0
Oahu,2040-05-02 20:00,1245.05,0,1113.99,0,131.054,0
Oahu,2040-05-02 22:00,909.446,0,876.603,0,32.8432,0
Oahu,2040-09-22 00:00,797.463,0,772.265,0,25.1979,0
Oahu,2040-09-22 02:00,721.555,0,703.3,0,18.2543,0
Oahu,2040-09-22 04:00,740.839,0,722.5,0,18.3396,0
Oahu,2040-09-22 06:00,901.118,0,878.94,0,22.1777,0
Oahu,2040-09-22 08:00,1722.26,0,1102.03,586.333,33.8905,0
Oahu,2040-09-22 10:00,1536.36,0,1182.34,295.786,58.2287,0
Oahu,2040-09-22 12:00,1567.4,0,1184.16,316.488,66.7607,0
Oahu,2040-09-22 14:00,1651.71,0,1176,394.298,81.4077,0
Oahu,2040-09-22 16:00,1602.9,0,1160.91,354.32,87.6649,0
Oahu,2040-09-22 18:00,1330.48,0,1189.21,0,141.267,0
Oahu,2040-09-22 20:00,1216.58,0,1085.53,0,131.054,0
Oahu,2040-09-22 22:00,974.139,0,941.296,0,32.8432,0
Oahu,2040-10-27 00:00,784.09,0,758.892,0,25.1979,0
Oahu,2040-10-27 02:00,708.099,0,689.844,0,18.2543,0
Oahu,2040-10-27 04:00,733.399,0,715.06,0,18.3396,0
Oahu,2040-10-27 06:00,891.447,0,869.27,0,22.1777,0
Oahu,2040-10-27 08:00,2052.15,0,1100.38,917.874,33.8905,0
Oahu,2040-10-27 10:00,1830.15,0,1171.7,600.226,58.2287,0
Oahu,2040-10-27 12:00,1634.71,0,1171.21,396.742,66.7607,0
Oahu,2040-10-27 14:00,1544.63,0,1133.45,329.765,81.4077,0
Oahu,2040-10-27 16:00,1200.86,0,1113.2,0,87.6649,0
Oahu,2040-10-27 18:00,1310.25,0,1168.98,0,141.267,0
Oahu,2040-10-27 20:00,1201.18,0,1070.12,0,131.054,0
Oahu,2040-10-27 22:00,953.908,0,921.064,0,32.8432,0
Oahu,2040-12-15 00:00,744.233,0,719.035,0,25.1979,0
Oahu,2040-12-15 02:00,727.81,0,642.001,67.5546,18.2543,0
Oahu,2040-12-15 04:00,689.246,0,670.906,0,18.3396,0
Oahu,2040-12-15 06:00,843.948,0,821.77,0,22.1777,0
Oahu,2040-12-15 08:00,1235.11,0,1024.29,176.932,33.8905,0
Oahu,2040-12-15 10:00,1427.16,0,1084.09,284.843,58.2287,0
Oahu,2040-12-15 12:00,1688.76,0,1070.15,551.847,66.7607,0
Oahu,2040-12-15 14:00,1692.76,0,1033.43,577.918,81.4077,0
Oahu,2040-12-15 16:00,1138.17,0,1050.51,0,87.6649,0
Oahu,2040-12-15 18:00,1267.64,0,1126.37,0,141.267,0
Oahu,2040-12-15 20:00,1163.25,0,1032.2,0,131.054,0
Oahu,2040-12-15 22:00,910.383,0,877.54,0,32.8432,0
Oahu,2040-02-20 00:00,683.851,0,658.653,0,25.1979,0
Oahu,2040-02-20 02:00,618.394,0,600.092,0.0482352,18.2543,0
Oahu,2040-02-20 04:00,700.95,0,682.61,0,18.3396,0
Oahu,2040-02-20 06:00,993.405,0,971.227,0,22.1777,0
Oahu,2040-02-20 08:00,1390.61,0,1085.92,270.802,33.8905,0
Oahu,2040-02-20 10:00,1821.85,0,1155.75,607.875,58.2287,0
Oahu,2040-02-20 12:00,1866.88,0,1179.63,620.492,66.7607,0
Oahu,2040-02-20 14:00,1601.76,0,1185.48,334.866,81.4077,0
Oahu,2040-02-20 16:00,1361.35,0,1174.8,98.8881,87.6649,0
Oahu,2040-02-20 18:00,1371.25,0,1229.98,0,141.267,0
Oahu,2040-02-20 20:00,1223.27,0,1092.22,0,131.054,0
Oahu,2040-02-20 22:00,870.988,0,838.145,0,32.8432,0
Oahu,2040-04-10 00:00,656.567,0,631.369,0,25.1979,0
Oahu,2040-04-10 02:00,673.48,0,588.076,67.1491,18.2543,0
Oahu,2040-04-10 04:00,707.444,0,689.105,0,18.3396,0
Oahu,2040-04-10 06:00,1003.57,0,981.394,0,22.1777,0
Oahu,2040-04-10 08:00,1198.01,0,1089.79,74.3311,33.8905,0
Oahu,2040-04-10 10:00,1461.47,0,1145.78,257.463,58.2287,0
Oahu,2040-04-10 12:00,1565.22,0,1134.53,363.935,66.7607,0
Oahu,2040-04-10 14:00,1663.21,0,1159.47,422.335,81.4077,0
Oahu,2040-04-10 16:00,1390.23,0,1150.97,151.599,87.6649,0
Oahu,2040-04-10 18:00,1365.02,0,1223.75,0,141.267,0
Oahu,2040-04-10 20:00,1249.19,0,1118.14,0,131.054,0
Oahu,2040-04-10 22:00,894.674,0,861.831,0,32.8432,0
Oahu,2040-06-17 00:00,763.313,0,738.115,0,25.1979,0
Oahu,2040-06-17 02:00,693.101,0,674.846,0,18.2543,0
Oahu,2040-06-17 04:00,765.266,0,746.926,0,18.3396,0
Oahu,2040-06-17 06:00,1016.09,0,993.915,0,22.1777,0
Oahu,2040-06-17 08:00,1528.03,0,1157.57,336.567,33.8905,0
Oahu,2040-06-17 10:00,1907.31,0,1228.59,620.492,58.2287,0
Oahu,2040-06-17 12:00,1829.38,0,1249.41,513.214,66.7607,0
Oahu,2040-06-17 14:00,1795.97,0,1242.63,471.931,81.4077,0
Oahu,2040-06-17 16:00,1308.4,0,1215.71,5.0208,87.6649,0
Oahu,2040-06-17 18:00,1340.63,0,1199.36,0,141.267,0
Oahu,2040-06-17 20:00,1293.43,0,1162.38,0,131.054,0
Oahu,2040-06-17 22:00,951.818,0,918.975,0,32.8432,0
Oahu,2040-08-18 00:00,762.45,0,737.253,0,25.1979,0
Oahu,2040-08-18 02:00,701.32,0,683.066,0,18.2543,0
Oahu,2040-08-18 04:00,771.292,0,752.953,0,18.3396,0
Oahu,2040-08-18 06:00,1058.67,0,1036.49,0,22.1777,0
Oahu,2040-08-18 08:00,2193.89,0,1202.39,957.611,33.8905,0
Oahu,2040-08-18 10:00,2059.81,0,1279.94,721.64,58.2287,0
Oahu,2040-08-18 12:00,1996.17,0,1308.92,620.492,66.7607,0
Oahu,2040-08-18 14:00,1801.75,0,1313.44,406.903,81.4077,0
Oahu,2040-08-18 16:00,2045.8,0,1283.41,674.732,87.6649,0
Oahu,2040-08-18 18:00,1388.06,0,1246.79,0,141.267,0
Oahu,2040-08-18 20:00,1331.83,0,1200.78,0,131.054,0
Oahu,2040-08-18 22:00,968.739,0,935.895,0,32.8432,0
Oahu,2040-09-10 00:00,760.466,0,735.268,0,25.1979,0
Oahu,2040-09-10 02:00,714.071,0,679.739,16.0785,18.2543,0
Oahu,2040-09-10 04:00,771.982,0,753.643,0,18.3396,0
Oahu,2040-09-10 06:00,1052.11,0,1029.94,0,22.1777,0
Oahu,2040-09-10 08:00,1555.54,0,1173.14,348.512,33.8905,0
Oahu,2040-09-10 10:00,1777.14,0,1258.11,460.8,58.2287,0
Oahu,2040-09-10 12:00,1800.83,0,1272.01,462.058,66.7607,0
Oahu,2040-09-10 14:00,1918.49,0,1272.06,565.029,81.4077,0
Oahu,2040-09-10 16:00,1608.82,0,1255.01,266.145,87.6649,0
Oahu,2040-09-10 18:00,1412.53,0,1271.27,0,141.267,0
Oahu,2040-09-10 20:00,1294.42,0,1163.36,0,131.054,0
Oahu,2040-09-10 22:00,935.021,0,902.178,0,32.8432,0
Oahu,2040-11-22 00:00,821.522,0,685.629,110.695,25.1979,0
Oahu,2040-11-22 02:00,727.61,0,611.553,97.8036,18.2543,0
Oahu,2040-11-22 04:00,714.418,0,637.272,58.8062,18.3396,0
Oahu,2040-11-22 06:00,806.728,0,784.55,0,22.1777,0
Oahu,2040-11-22 08:00,1017.45,0,983.563,0,33.8905,0
Oahu,2040-11-22 10:00,1219.4,0,1067.89,93.2807,58.2287,0
Oahu,2040-11-22 12:00,1422.43,0,1050.5,305.17,66.7607,0
Oahu,2040-11-22 14:00,1322.06,0,1003.24,237.412,81.4077,0
Oahu,2040-11-22 16:00,1120.02,0,1032.35,0,87.6649,0
Oahu,2040-11-22 18:00,1224.21,0,1082.94,0,141.267,0
Oahu,2040-11-22 20:00,1101.55,0,970.5,0,131.054,0
Oahu,2040-11-22 22:00,856.804,0,823.961,0,32.8432,0
Oahu,2045-01-12 00:00,763.34,0,718.771,0,44.5688,0
Oahu,2045-01-12 02:00,685.96,0,653.673,0,32.2874,0
Oahu,2045-01-12 04:00,759.474,0,727.036,0,32.4383,0
Oahu,2045-01-12 06:00,1077.91,0,1038.68,0,39.2269,0
Oahu,2045-01-12 08:00,1765.13,0,1148.64,556.546,59.9439,0
Oahu,2045-01-12 10:00,2342.96,0,1216.33,1023.63,102.992,0
Oahu,2045-01-12 12:00,2740.56,0,1219.72,1402.76,118.083,0
Oahu,2045-01-12 14:00,2749.93,0,1203.18,1402.76,143.99,0
Oahu,2045-01-12 16:00,2172.84,0,1166.12,851.659,155.057,0
Oahu,2045-01-12 18:00,1477.54,0,1227.67,0,249.866,0
Oahu,2045-01-12 20:00,1329.23,0,1097.43,0,231.802,0
Oahu,2045-01-12 22:00,963.287,0,905.195,0,58.0915,0
Oahu,2045-01-19 00:00,718.071,0,673.503,0,44.5688,0
Oahu,2045-01-19 02:00,642.155,0,609.868,0,32.2874,0
Oahu,2045-01-19 04:00,726.093,0,693.655,0,32.4383,0
Oahu,2045-01-19 06:00,1044.22,0,1004.99,0,39.2269,0
Oahu,2045-01-19 08:00,2065.21,0,1099.67,905.594,59.9439,0
Oahu,2045-01-19 10:00,2393.25,0,1155.75,1134.51,102.992,0
Oahu,2045-01-19 12:00,2411.34,0,1175.65,1117.6,118.083,0
Oahu,2045-01-19 14:00,2023.67,0,1171.05,708.625,143.99,0
Oahu,2045-01-19 16:00,1294.48,0,1139.42,0,155.057,0
Oahu,2045-01-19 18:00,1454.71,0,1204.84,0,249.866,0
Oahu,2045-01-19 20:00,1312.89,0,1081.08,0,231.802,0
Oahu,2045-01-19 22:00,946.609,0,888.517,0,58.0915,0
Oahu,2045-02-12 00:00,641.718,0,597.149,0,44.5688,0
Oahu,2045-02-12 02:00,580.916,0,548.629,0,32.2874,0
Oahu,2045-02-12 04:00,676.506,0,644.068,0,32.4383,0
Oahu,2045-02-12 06:00,993.426,0,954.199,0,39.2269,0
Oahu,2045-02-12 08:00,1105.09,0,1045.15,0,59.9439,0
Oahu,2045-02-12 10:00,2383.03,0,1103.09,1176.96,102.992,0
Oahu,2045-02-12 12:00,2536.03,0,1126.59,1291.36,118.083,0
Oahu,2045-02-12 14:00,2575.29,0,1130.93,1300.37,143.99,0
Oahu,2045-02-12 16:00,2089.94,0,1123.04,811.842,155.057,0
Oahu,2045-02-12 18:00,1476.42,0,1226.56,0,249.866,0
Oahu,2045-02-12 20:00,1321.94,0,1090.14,0,231.802,0
Oahu,2045-02-12 22:00,894.018,0,835.927,0,58.0915,0
Oahu,2045-05-02 00:00,734.613,0,690.044,0,44.5688,0
Oahu,2045-05-02 02:00,667.172,0,634.885,0,32.2874,0
Oahu,2045-05-02 04:00,732.559,0,700.12,0,32.4383,0
Oahu,2045-05-02 06:00,1052.52,0,1013.29,0,39.2269,0
Oahu,2045-05-02 08:00,1195.78,0,1135.83,0,59.9439,0
Oahu,2045-05-02 10:00,2209.59,0,1198.05,908.545,102.992,0
Oahu,2045-05-02 12:00,2190.33,0,1222.14,850.108,118.083,0
Oahu,2045-05-02 14:00,2617.58,0,1224.41,1249.18,143.99,0
Oahu,2045-05-02 16:00,1621.7,0,1198.49,268.16,155.057,0
Oahu,2045-05-02 18:00,1467.07,0,1217.2,0,249.866,0
Oahu,2045-05-02 20:00,1373.86,0,1142.06,0,231.802,0
Oahu,2045-05-02 22:00,951.895,0,893.804,0,58.0915,0
Oahu,2045-09-22 00:00,829.258,0,784.689,0,44.5688,0
Oahu,2045-09-22 02:00,744.854,0,712.567,0,32.2874,0
Oahu,2045-09-22 04:00,765.083,0,732.645,0,32.4383,0
Oahu,2045-09-22 06:00,935.475,0,896.248,0,39.2269,0
Oahu,2045-09-22 08:00,1189.5,0,1129.55,0,59.9439,0
Oahu,2045-09-22 10:00,2620.64,0,1213.54,1304.11,102.992,0
Oahu,2045-09-22 12:00,2523.03,0,1215.44,1189.51,118.083,0
Oahu,2045-09-22 14:00,2540.73,0,1206.91,1189.83,143.99,0
Oahu,2045-09-22 16:00,2390.81,0,1191.13,1044.62,155.057,0
Oahu,2045-09-22 18:00,1470.59,0,1220.72,0,249.866,0
Oahu,2045-09-22 20:00,1344.09,0,1112.29,0,231.802,0
Oahu,2045-09-22 22:00,1019.55,0,961.459,0,58.0915,0
Oahu,2045-10-27 00:00,815.273,0,770.704,0,44.5688,0
Oahu,2045-10-27 02:00,730.782,0,698.495,0,32.2874,0
Oahu,2045-10-27 04:00,757.303,0,724.864,0,32.4383,0
Oahu,2045-10-27 06:00,925.362,0,886.135,0,39.2269,0
Oahu,2045-10-27 08:00,2307.56,0,1127.83,1119.79,59.9439,0
Oahu,2045-10-27 10:00,2495.47,0,1202.41,1190.07,102.992,0
Oahu,2045-10-27 12:00,2314.26,0,1201.9,994.275,118.083,0
Oahu,2045-10-27 14:00,2087.69,0,1162.41,781.287,143.99,0
Oahu,2045-10-27 16:00,1404.53,0,1141.23,108.242,155.057,0
Oahu,2045-10-27 18:00,1449.43,0,1199.57,0,249.866,0
Oahu,2045-10-27 20:00,1327.99,0,1096.19,0,231.802,0
Oahu,2045-10-27 22:00,998.392,0,940.301,0,58.0915,0
Oahu,2045-12-15 00:00,773.59,0,729.021,0,44.5688,0
Oahu,2045-12-15 02:00,680.748,0,648.461,0,32.2874,0
Oahu,2045-12-15 04:00,711.128,0,678.69,0,32.4383,0
Oahu,2045-12-15 06:00,875.687,0,836.461,0,39.2269,0
Oahu,2045-12-15 08:00,1108.19,0,1048.25,0,59.9439,0
Oahu,2045-12-15 10:00,1914.02,0,1110.79,700.238,102.992,0
Oahu,2045-12-15 12:00,2207.35,0,1096.21,993.057,118.083,0
Oahu,2045-12-15 14:00,2436.24,0,1057.82,1234.43,143.99,0
Oahu,2045-12-15 16:00,1347.52,0,1075.67,116.794,155.057,0
Oahu,2045-12-15 18:00,1404.87,0,1155.01,0,249.866,0
Oahu,2045-12-15 20:00,1288.33,0,1056.53,0,231.802,0
Oahu,2045-12-15 22:00,952.875,0,894.784,0,58.0915,0
Oahu,2045-02-20 00:00,710.444,0,665.875,0,44.5688,0
Oahu,2045-02-20 02:00,636.92,0,604.633,0,32.2874,0
Oahu,2045-02-20 04:00,723.367,0,690.929,0,32.4383,0
Oahu,2045-02-20 06:00,1031.99,0,992.76,0,39.2269,0
Oahu,2045-02-20 08:00,2223.14,0,1112.71,1050.49,59.9439,0
Oahu,2045-02-20 10:00,2691.48,0,1185.73,1402.76,102.992,0
Oahu,2045-02-20 12:00,2731.55,0,1210.7,1402.76,118.083,0
Oahu,2045-02-20 14:00,2744.73,0,1216.83,1383.91,143.99,0
Oahu,2045-02-20 16:00,1479.85,0,1205.65,119.141,155.057,0
Oahu,2045-02-20 18:00,1513.23,0,1263.36,0,249.866,0
Oahu,2045-02-20 20:00,1351.09,0,1119.29,0,231.802,0
Oahu,2045-02-20 22:00,911.677,0,853.585,0,58.0915,0
Oahu,2045-04-10 00:00,681.911,0,637.342,0,44.5688,0
Oahu,2045-04-10 02:00,624.355,0,592.067,0,32.2874,0
Oahu,2045-04-10 04:00,730.159,0,697.721,0,32.4383,0
Oahu,2045-04-10 06:00,1042.62,0,1003.39,0,39.2269,0
Oahu,2045-04-10 08:00,1386.5,0,1116.75,209.801,59.9439,0
Oahu,2045-04-10 10:00,1952.16,0,1175.3,673.866,102.992,0
Oahu,2045-04-10 12:00,1951.8,0,1163.54,670.183,118.083,0
Oahu,2045-04-10 14:00,2324.87,0,1189.62,991.255,143.99,0
Oahu,2045-04-10 16:00,1936.89,0,1180.73,601.109,155.057,0
Oahu,2045-04-10 18:00,1506.71,0,1256.84,0,249.866,0
Oahu,2045-04-10 20:00,1378.2,0,1146.39,0,231.802,0
Oahu,2045-04-10 22:00,936.447,0,878.356,0,58.0915,0
Oahu,2045-06-17 00:00,793.544,0,748.976,0,44.5688,0
Oahu,2045-06-17 02:00,715.097,0,682.81,0,32.2874,0
Oahu,2045-06-17 04:00,790.629,0,758.19,0,32.4383,0
Oahu,2045-06-17 06:00,1055.71,0,1016.49,0,39.2269,0
Oahu,2045-06-17 08:00,2130.87,0,1187.64,883.292,59.9439,0
Oahu,2045-06-17 10:00,2516.43,0,1261.91,1151.53,102.992,0
Oahu,2045-06-17 12:00,2426.05,0,1283.68,1024.29,118.083,0
Oahu,2045-06-17 14:00,2602.37,0,1276.59,1181.79,143.99,0
Oahu,2045-06-17 16:00,1564.23,0,1248.44,160.733,155.057,0
Oahu,2045-06-17 18:00,1481.2,0,1231.34,0,249.866,0
Oahu,2045-06-17 20:00,1424.46,0,1192.66,0,231.802,0
Oahu,2045-06-17 22:00,996.208,0,938.116,0,58.0915,0
Oahu,2045-08-18 00:00,792.642,0,748.073,0,44.5688,0
Oahu,2045-08-18 02:00,723.693,0,691.406,0,32.2874,0
Oahu,2045-08-18 04:00,796.931,0,764.492,0,32.4383,0
Oahu,2045-08-18 06:00,1100.24,0,1061.01,0,39.2269,0
Oahu,2045-08-18 08:00,2582.81,0,1234.51,1288.36,59.9439,0
Oahu,2045-08-18 10:00,2234.23,0,1315.61,815.625,102.992,0
Oahu,2045-08-18 12:00,2853.46,0,1345.91,1389.47,118.083,0
Oahu,2045-08-18 14:00,2768.24,0,1350.64,1273.61,143.99,0
Oahu,2045-08-18 16:00,2066.28,0,1319.23,591.989,155.057,0
Oahu,2045-08-18 18:00,1530.81,0,1280.94,0,249.866,0
Oahu,2045-08-18 20:00,1464.62,0,1232.82,0,231.802,0
Oahu,2045-08-18 22:00,1013.9,0,955.811,0,58.0915,0
Oahu,2045-09-10 00:00,790.567,0,745.998,0,44.5688,0
Oahu,2045-09-10 02:00,720.214,0,687.926,0,32.2874,0
Oahu,2045-09-10 04:00,797.652,0,765.214,0,32.4383,0
Oahu,2045-09-10 06:00,1093.38,0,1054.16,0,39.2269,0
Oahu,2045-09-10 08:00,1713.63,0,1203.91,449.774,59.9439,0
Oahu,2045-09-10 10:00,2682.41,0,1292.77,1286.64,102.992,0
Oahu,2045-09-10 12:00,2770.85,0,1307.31,1345.46,118.083,0
Oahu,2045-09-10 14:00,2725.65,0,1307.36,1274.29,143.99,0
Oahu,2045-09-10 16:00,2447.48,0,1289.54,1002.89,155.057,0
Oahu,2045-09-10 18:00,1556.4,0,1306.54,0,249.866,0
Oahu,2045-09-10 20:00,1425.49,0,1193.69,0,231.802,0
Oahu,2045-09-10 22:00,978.642,0,920.55,0,58.0915,0
Oahu,2045-11-22 00:00,740.97,0,694.087,2.31442,44.5688,0
Oahu,2045-11-22 02:00,706.967,0,616.618,58.0617,32.2874,0
Oahu,2045-11-22 04:00,679.07,0,643.515,3.11645,32.4383,0
Oahu,2045-11-22 06:00,836.763,0,797.537,0,39.2269,0
Oahu,2045-11-22 08:00,1065.6,0,1005.66,0,59.9439,0
Oahu,2045-11-22 10:00,1350.91,0,1093.85,154.064,102.992,0
Oahu,2045-11-22 12:00,1704.01,0,1075.67,510.262,118.083,0
Oahu,2045-11-22 14:00,1620.44,0,1026.24,450.212,143.99,0
Oahu,2045-11-22 16:00,1211.74,0,1056.68,0,155.057,0
Oahu,2045-11-22 18:00,1359.45,0,1109.59,0,249.866,0
Oahu,2045-11-22 20:00,1223.8,0,992,0,231.802,0
Oahu,2045-11-22 22:00,896.843,0,838.752,0,58.0915,0
