ChargeEVs_index_1,ChargeEVs_index_2,ChargeEVs
Oahu,2020012300,5.83845408484
Oahu,2020012302,2.40525095753
Oahu,2020012304,1.10286066272
Oahu,2020012306,4.03911202243
Oahu,2020012308,15.0988893287
Oahu,2020012310,10.5960665289
Oahu,2020012312,8.39358020309
Oahu,2020012314,10.4074081149
Oahu,2020012316,13.2516370207
Oahu,2020012318,18.52694551
Oahu,2020012320,16.5709396866
Oahu,2020012322,11.8707012823
Oahu,2020022300,5.83845408484
Oahu,2020022302,2.40525095753
Oahu,2020022304,1.10286066272
Oahu,2020022306,4.03911202243
Oahu,2020022308,15.0988893287
Oahu,2020022310,10.5960665289
Oahu,2020022312,8.39358020309
Oahu,2020022314,10.4074081149
Oahu,2020022316,13.2516370207
Oahu,2020022318,18.52694551
Oahu,2020022320,16.5709396866
Oahu,2020022322,11.8707012823
Oahu,2020032300,5.83845408484
Oahu,2020032302,2.40525095753
Oahu,2020032304,1.10286066272
Oahu,2020032306,4.03911202243
Oahu,2020032308,15.0988893287
Oahu,2020032310,10.5960665289
Oahu,2020032312,8.39358020309
Oahu,2020032314,10.4074081149
Oahu,2020032316,13.2516370207
Oahu,2020032318,18.52694551
Oahu,2020032320,16.5709396866
Oahu,2020032322,11.8707012823
Oahu,2020042300,5.83845408484
Oahu,2020042302,2.40525095753
Oahu,2020042304,1.10286066272
Oahu,2020042306,4.03911202243
Oahu,2020042308,15.0988893287
Oahu,2020042310,10.5960665289
Oahu,2020042312,8.39358020309
Oahu,2020042314,10.4074081149
Oahu,2020042316,13.2516370207
Oahu,2020042318,18.52694551
Oahu,2020042320,16.5709396866
Oahu,2020042322,11.8707012823
Oahu,2020052300,5.83845408484
Oahu,2020052302,2.40525095753
Oahu,2020052304,1.10286066272
Oahu,2020052306,4.03911202243
Oahu,2020052308,15.0988893287
Oahu,2020052310,10.5960665289
Oahu,2020052312,8.39358020309
Oahu,2020052314,10.4074081149
Oahu,2020052316,13.2516370207
Oahu,2020052318,18.52694551
Oahu,2020052320,16.5709396866
Oahu,2020052322,11.8707012823
Oahu,2020062300,5.83845408484
Oahu,2020062302,2.40525095753
Oahu,2020062304,1.10286066272
Oahu,2020062306,4.03911202243
Oahu,2020062308,15.0988893287
Oahu,2020062310,10.5960665289
Oahu,2020062312,8.39358020309
Oahu,2020062314,10.4074081149
Oahu,2020062316,13.2516370207
Oahu,2020062318,18.52694551
Oahu,2020062320,16.5709396866
Oahu,2020062322,11.8707012823
Oahu,2020072300,5.83845408484
Oahu,2020072302,2.40525095753
Oahu,2020072304,1.10286066272
Oahu,2020072306,4.03911202243
Oahu,2020072308,15.0988893287
Oahu,2020072310,10.5960665289
Oahu,2020072312,8.39358020309
Oahu,2020072314,10.4074081149
Oahu,2020072316,13.2516370207
Oahu,2020072318,18.52694551
Oahu,2020072320,16.5709396866
Oahu,2020072322,11.8707012823
Oahu,2020082300,5.83845408484
Oahu,2020082302,2.40525095753
Oahu,2020082304,1.10286066272
Oahu,2020082306,4.03911202243
Oahu,2020082308,15.0988893287
Oahu,2020082310,10.5960665289
Oahu,2020082312,8.39358020309
Oahu,2020082314,10.4074081149
Oahu,2020082316,13.2516370207
Oahu,2020082318,18.52694551
Oahu,2020082320,16.5709396866
Oahu,2020082322,11.8707012823
Oahu,2020092300,5.83845408484
Oahu,2020092302,2.40525095753
Oahu,2020092304,1.10286066272
Oahu,2020092306,4.03911202243
Oahu,2020092308,15.0988893287
Oahu,2020092310,10.5960665289
Oahu,2020092312,8.39358020309
Oahu,2020092314,10.4074081149
Oahu,2020092316,13.2516370207
Oahu,2020092318,18.52694551
Oahu,2020092320,16.5709396866
Oahu,2020092322,11.8707012823
Oahu,2020102300,5.83845408484
Oahu,2020102302,2.40525095753
Oahu,2020102304,1.10286066272
Oahu,2020102306,4.03911202243
Oahu,2020102308,15.0988893287
Oahu,2020102310,10.5960665289
Oahu,2020102312,8.39358020309
Oahu,2020102314,10.4074081149
Oahu,2020102316,13.2516370207
Oahu,2020102318,18.52694551
Oahu,2020102320,16.5709396866
Oahu,2020102322,11.8707012823
Oahu,2020112300,5.83845408484
Oahu,2020112302,2.40525095753
Oahu,2020112304,1.10286066272
Oahu,2020112306,4.03911202243
Oahu,2020112308,15.0988893287
Oahu,2020112310,10.5960665289
Oahu,2020112312,8.39358020309
Oahu,2020112314,10.4074081149
Oahu,2020112316,13.2516370207
Oahu,2020112318,18.52694551
Oahu,2020112320,16.5709396866
Oahu,2020112322,11.8707012823
Oahu,2020122300,5.83845408484
Oahu,2020122302,2.40525095753
Oahu,2020122304,1.10286066272
Oahu,2020122306,4.03911202243
Oahu,2020122308,15.0988893287
Oahu,2020122310,10.5960665289
Oahu,2020122312,8.39358020309
Oahu,2020122314,10.4074081149
Oahu,2020122316,13.2516370207
Oahu,2020122318,18.52694551
Oahu,2020122320,16.5709396866
Oahu,2020122322,11.8707012823
Oahu,2025012300,14.0530232042
Oahu,2025012302,5.7893831187
Oahu,2025012304,2.65455996724
Oahu,2025012306,9.72204870514
Oahu,2025012308,36.3426754772
Oahu,2025012310,25.504485715
Oahu,2025012312,20.2031523493
Oahu,2025012314,25.0503892998
Oahu,2025012316,31.8963821312
Oahu,2025012318,44.5939269833
Oahu,2025012320,39.8858664549
Oahu,2025012322,28.5725019236
Oahu,2025022300,14.0530232042
Oahu,2025022302,5.7893831187
Oahu,2025022304,2.65455996724
Oahu,2025022306,9.72204870514
Oahu,2025022308,36.3426754772
Oahu,2025022310,25.504485715
Oahu,2025022312,20.2031523493
Oahu,2025022314,25.0503892998
Oahu,2025022316,31.8963821312
Oahu,2025022318,44.5939269833
Oahu,2025022320,39.8858664549
Oahu,2025022322,28.5725019236
Oahu,2025032300,14.0530232042
Oahu,2025032302,5.7893831187
Oahu,2025032304,2.65455996724
Oahu,2025032306,9.72204870514
Oahu,2025032308,36.3426754772
Oahu,2025032310,25.504485715
Oahu,2025032312,20.2031523493
Oahu,2025032314,25.0503892998
Oahu,2025032316,31.8963821312
Oahu,2025032318,44.5939269833
Oahu,2025032320,39.8858664549
Oahu,2025032322,28.5725019236
Oahu,2025042300,14.0530232042
Oahu,2025042302,5.7893831187
Oahu,2025042304,2.65455996724
Oahu,2025042306,9.72204870514
Oahu,2025042308,36.3426754772
Oahu,2025042310,25.504485715
Oahu,2025042312,20.2031523493
Oahu,2025042314,25.0503892998
Oahu,2025042316,31.8963821312
Oahu,2025042318,44.5939269833
Oahu,2025042320,39.8858664549
Oahu,2025042322,28.5725019236
Oahu,2025052300,14.0530232042
Oahu,2025052302,5.7893831187
Oahu,2025052304,2.65455996724
Oahu,2025052306,9.72204870514
Oahu,2025052308,36.3426754772
Oahu,2025052310,25.504485715
Oahu,2025052312,20.2031523493
Oahu,2025052314,25.0503892998
Oahu,2025052316,31.8963821312
Oahu,2025052318,44.5939269833
Oahu,2025052320,39.8858664549
Oahu,2025052322,28.5725019236
Oahu,2025062300,14.0530232042
Oahu,2025062302,5.7893831187
Oahu,2025062304,2.65455996724
Oahu,2025062306,9.72204870514
Oahu,2025062308,36.3426754772
Oahu,2025062310,25.504485715
Oahu,2025062312,20.2031523493
Oahu,2025062314,25.0503892998
Oahu,2025062316,31.8963821312
Oahu,2025062318,44.5939269833
Oahu,2025062320,39.8858664549
Oahu,2025062322,28.5725019236
Oahu,2025072300,14.0530232042
Oahu,2025072302,5.7893831187
Oahu,2025072304,2.65455996724
Oahu,2025072306,9.72204870514
Oahu,2025072308,36.3426754772
Oahu,2025072310,25.504485715
Oahu,2025072312,20.2031523493
Oahu,2025072314,25.0503892998
Oahu,2025072316,31.8963821312
Oahu,2025072318,44.5939269833
Oahu,2025072320,39.8858664549
Oahu,2025072322,28.5725019236
Oahu,2025082300,14.0530232042
Oahu,2025082302,5.7893831187
Oahu,2025082304,2.65455996724
Oahu,2025082306,9.72204870514
Oahu,2025082308,36.3426754772
Oahu,2025082310,25.504485715
Oahu,2025082312,20.2031523493
Oahu,2025082314,25.0503892998
Oahu,2025082316,31.8963821312
Oahu,2025082318,44.5939269833
Oahu,2025082320,39.8858664549
Oahu,2025082322,28.5725019236
Oahu,2025092300,14.0530232042
Oahu,2025092302,5.7893831187
Oahu,2025092304,2.65455996724
Oahu,2025092306,9.72204870514
Oahu,2025092308,36.3426754772
Oahu,2025092310,25.504485715
Oahu,2025092312,20.2031523493
Oahu,2025092314,25.0503892998
Oahu,2025092316,31.8963821312
Oahu,2025092318,44.5939269833
Oahu,2025092320,39.8858664549
Oahu,2025092322,28.5725019236
Oahu,2025102300,14.0530232042
Oahu,2025102302,5.7893831187
Oahu,2025102304,2.65455996724
Oahu,2025102306,9.72204870514
Oahu,2025102308,36.3426754772
Oahu,2025102310,25.504485715
Oahu,2025102312,20.2031523493
Oahu,2025102314,25.0503892998
Oahu,2025102316,31.8963821312
Oahu,2025102318,44.5939269833
Oahu,2025102320,39.8858664549
Oahu,2025102322,28.5725019236
Oahu,2025112300,14.0530232042
Oahu,2025112302,5.7893831187
Oahu,2025112304,2.65455996724
Oahu,2025112306,9.72204870514
Oahu,2025112308,36.3426754772
Oahu,2025112310,25.504485715
Oahu,2025112312,20.2031523493
Oahu,2025112314,25.0503892998
Oahu,2025112316,31.8963821312
Oahu,2025112318,44.5939269833
Oahu,2025112320,39.8858664549
Oahu,2025112322,28.5725019236
Oahu,2025122300,14.0530232042
Oahu,2025122302,5.7893831187
Oahu,2025122304,2.65455996724
Oahu,2025122306,9.72204870514
Oahu,2025122308,36.3426754772
Oahu,2025122310,25.504485715
Oahu,2025122312,20.2031523493
Oahu,2025122314,25.0503892998
Oahu,2025122316,31.8963821312
Oahu,2025122318,44.5939269833
Oahu,2025122320,39.8858664549
Oahu,2025122322,28.5725019236
Oahu,2030012300,25.118930365
Oahu,2030012302,10.3481727242
Oahu,2030012304,4.74486564193
Oahu,2030012306,17.3775749802
Oahu,2030012308,64.9603378095
Oahu,2030012310,45.5877280896
Oahu,2030012312,36.1119148273
Oahu,2030012314,44.7760581688
Oahu,2030012316,57.0128569495
Oahu,2030012318,79.7089516127
Oahu,2030012320,71.2935777214
Oahu,2030012322,51.0716217959
Oahu,2030022300,25.118930365
Oahu,2030022302,10.3481727242
Oahu,2030022304,4.74486564193
Oahu,2030022306,17.3775749802
Oahu,2030022308,64.9603378095
Oahu,2030022310,45.5877280896
Oahu,2030022312,36.1119148273
Oahu,2030022314,44.7760581688
Oahu,2030022316,57.0128569495
Oahu,2030022318,79.7089516127
Oahu,2030022320,71.2935777214
Oahu,2030022322,51.0716217959
Oahu,2030032300,25.118930365
Oahu,2030032302,10.3481727242
Oahu,2030032304,4.74486564193
Oahu,2030032306,17.3775749802
Oahu,2030032308,64.9603378095
Oahu,2030032310,45.5877280896
Oahu,2030032312,36.1119148273
Oahu,2030032314,44.7760581688
Oahu,2030032316,57.0128569495
Oahu,2030032318,79.7089516127
Oahu,2030032320,71.2935777214
Oahu,2030032322,51.0716217959
Oahu,2030042300,25.118930365
Oahu,2030042302,10.3481727242
Oahu,2030042304,4.74486564193
Oahu,2030042306,17.3775749802
Oahu,2030042308,64.9603378095
Oahu,2030042310,45.5877280896
Oahu,2030042312,36.1119148273
Oahu,2030042314,44.7760581688
Oahu,2030042316,57.0128569495
Oahu,2030042318,79.7089516127
Oahu,2030042320,71.2935777214
Oahu,2030042322,51.0716217959
Oahu,2030052300,25.118930365
Oahu,2030052302,10.3481727242
Oahu,2030052304,4.74486564193
Oahu,2030052306,17.3775749802
Oahu,2030052308,64.9603378095
Oahu,2030052310,45.5877280896
Oahu,2030052312,36.1119148273
Oahu,2030052314,44.7760581688
Oahu,2030052316,57.0128569495
Oahu,2030052318,79.7089516127
Oahu,2030052320,71.2935777214
Oahu,2030052322,51.0716217959
Oahu,2030062300,25.118930365
Oahu,2030062302,10.3481727242
Oahu,2030062304,4.74486564193
Oahu,2030062306,17.3775749802
Oahu,2030062308,64.9603378095
Oahu,2030062310,45.5877280896
Oahu,2030062312,36.1119148273
Oahu,2030062314,44.7760581688
Oahu,2030062316,57.0128569495
Oahu,2030062318,79.7089516127
Oahu,2030062320,71.2935777214
Oahu,2030062322,51.0716217959
Oahu,2030072300,25.118930365
Oahu,2030072302,10.3481727242
Oahu,2030072304,4.74486564193
Oahu,2030072306,17.3775749802
Oahu,2030072308,64.9603378095
Oahu,2030072310,45.5877280896
Oahu,2030072312,36.1119148273
Oahu,2030072314,44.7760581688
Oahu,2030072316,57.0128569495
Oahu,2030072318,79.7089516127
Oahu,2030072320,71.2935777214
Oahu,2030072322,51.0716217959
Oahu,2030082300,25.118930365
Oahu,2030082302,10.3481727242
Oahu,2030082304,4.74486564193
Oahu,2030082306,17.3775749802
Oahu,2030082308,64.9603378095
Oahu,2030082310,45.5877280896
Oahu,2030082312,36.1119148273
Oahu,2030082314,44.7760581688
Oahu,2030082316,57.0128569495
Oahu,2030082318,79.7089516127
Oahu,2030082320,71.2935777214
Oahu,2030082322,51.0716217959
Oahu,2030092300,25.118930365
Oahu,2030092302,10.3481727242
Oahu,2030092304,4.74486564193
Oahu,2030092306,17.3775749802
Oahu,2030092308,64.9603378095
Oahu,2030092310,45.5877280896
Oahu,2030092312,36.1119148273
Oahu,2030092314,44.7760581688
Oahu,2030092316,57.0128569495
Oahu,2030092318,79.7089516127
Oahu,2030092320,71.2935777214
Oahu,2030092322,51.0716217959
Oahu,2030102300,25.118930365
Oahu,2030102302,10.3481727242
Oahu,2030102304,4.74486564193
Oahu,2030102306,17.3775749802
Oahu,2030102308,64.9603378095
Oahu,2030102310,45.5877280896
Oahu,2030102312,36.1119148273
Oahu,2030102314,44.7760581688
Oahu,2030102316,57.0128569495
Oahu,2030102318,79.7089516127
Oahu,2030102320,71.2935777214
Oahu,2030102322,51.0716217959
Oahu,2030112300,25.118930365
Oahu,2030112302,10.3481727242
Oahu,2030112304,4.74486564193
Oahu,2030112306,17.3775749802
Oahu,2030112308,64.9603378095
Oahu,2030112310,45.5877280896
Oahu,2030112312,36.1119148273
Oahu,2030112314,44.7760581688
Oahu,2030112316,57.0128569495
Oahu,2030112318,79.7089516127
Oahu,2030112320,71.2935777214
Oahu,2030112322,51.0716217959
Oahu,2030122300,25.118930365
Oahu,2030122302,10.3481727242
Oahu,2030122304,4.74486564193
Oahu,2030122306,17.3775749802
Oahu,2030122308,64.9603378095
Oahu,2030122310,45.5877280896
Oahu,2030122312,36.1119148273
Oahu,2030122314,44.7760581688
Oahu,2030122316,57.0128569495
Oahu,2030122318,79.7089516127
Oahu,2030122320,71.2935777214
Oahu,2030122322,51.0716217959
Oahu,2035012300,38.0178405525
Oahu,2035012302,15.6620992583
Oahu,2035012304,7.18141826887
Oahu,2035012306,26.3011945646
Oahu,2035012308,98.3183491171
Oahu,2035012310,68.997642514
Oahu,2035012312,54.6558710899
Oahu,2035012314,67.7691691204
Oahu,2035012316,86.2897294371
Oahu,2035012318,120.640575414
Oahu,2035012320,107.903793308
Oahu,2035012322,77.2975897451
Oahu,2035022300,38.0178405525
Oahu,2035022302,15.6620992583
Oahu,2035022304,7.18141826887
Oahu,2035022306,26.3011945646
Oahu,2035022308,98.3183491171
Oahu,2035022310,68.997642514
Oahu,2035022312,54.6558710899
Oahu,2035022314,67.7691691204
Oahu,2035022316,86.2897294371
Oahu,2035022318,120.640575414
Oahu,2035022320,107.903793308
Oahu,2035022322,77.2975897451
Oahu,2035032300,38.0178405525
Oahu,2035032302,15.6620992583
Oahu,2035032304,7.18141826887
Oahu,2035032306,26.3011945646
Oahu,2035032308,98.3183491171
Oahu,2035032310,68.997642514
Oahu,2035032312,54.6558710899
Oahu,2035032314,67.7691691204
Oahu,2035032316,86.2897294371
Oahu,2035032318,120.640575414
Oahu,2035032320,107.903793308
Oahu,2035032322,77.2975897451
Oahu,2035042300,38.0178405525
Oahu,2035042302,15.6620992583
Oahu,2035042304,7.18141826887
Oahu,2035042306,26.3011945646
Oahu,2035042308,98.3183491171
Oahu,2035042310,68.997642514
Oahu,2035042312,54.6558710899
Oahu,2035042314,67.7691691204
Oahu,2035042316,86.2897294371
Oahu,2035042318,120.640575414
Oahu,2035042320,107.903793308
Oahu,2035042322,77.2975897451
Oahu,2035052300,38.0178405525
Oahu,2035052302,15.6620992583
Oahu,2035052304,7.18141826887
Oahu,2035052306,26.3011945646
Oahu,2035052308,98.3183491171
Oahu,2035052310,68.997642514
Oahu,2035052312,54.6558710899
Oahu,2035052314,67.7691691204
Oahu,2035052316,86.2897294371
Oahu,2035052318,120.640575414
Oahu,2035052320,107.903793308
Oahu,2035052322,77.2975897451
Oahu,2035062300,38.0178405525
Oahu,2035062302,15.6620992583
Oahu,2035062304,7.18141826887
Oahu,2035062306,26.3011945646
Oahu,2035062308,98.3183491171
Oahu,2035062310,68.997642514
Oahu,2035062312,54.6558710899
Oahu,2035062314,67.7691691204
Oahu,2035062316,86.2897294371
Oahu,2035062318,120.640575414
Oahu,2035062320,107.903793308
Oahu,2035062322,77.2975897451
Oahu,2035072300,38.0178405525
Oahu,2035072302,15.6620992583
Oahu,2035072304,7.18141826887
Oahu,2035072306,26.3011945646
Oahu,2035072308,98.3183491171
Oahu,2035072310,68.997642514
Oahu,2035072312,54.6558710899
Oahu,2035072314,67.7691691204
Oahu,2035072316,86.2897294371
Oahu,2035072318,120.640575414
Oahu,2035072320,107.903793308
Oahu,2035072322,77.2975897451
Oahu,2035082300,38.0178405525
Oahu,2035082302,15.6620992583
Oahu,2035082304,7.18141826887
Oahu,2035082306,26.3011945646
Oahu,2035082308,98.3183491171
Oahu,2035082310,68.997642514
Oahu,2035082312,54.6558710899
Oahu,2035082314,67.7691691204
Oahu,2035082316,86.2897294371
Oahu,2035082318,120.640575414
Oahu,2035082320,107.903793308
Oahu,2035082322,77.2975897451
Oahu,2035092300,38.0178405525
Oahu,2035092302,15.6620992583
Oahu,2035092304,7.18141826887
Oahu,2035092306,26.3011945646
Oahu,2035092308,98.3183491171
Oahu,2035092310,68.997642514
Oahu,2035092312,54.6558710899
Oahu,2035092314,67.7691691204
Oahu,2035092316,86.2897294371
Oahu,2035092318,120.640575414
Oahu,2035092320,107.903793308
Oahu,2035092322,77.2975897451
Oahu,2035102300,38.0178405525
Oahu,2035102302,15.6620992583
Oahu,2035102304,7.18141826887
Oahu,2035102306,26.3011945646
Oahu,2035102308,98.3183491171
Oahu,2035102310,68.997642514
Oahu,2035102312,54.6558710899
Oahu,2035102314,67.7691691204
Oahu,2035102316,86.2897294371
Oahu,2035102318,120.640575414
Oahu,2035102320,107.903793308
Oahu,2035102322,77.2975897451
Oahu,2035112300,38.0178405525
Oahu,2035112302,15.6620992583
Oahu,2035112304,7.18141826887
Oahu,2035112306,26.3011945646
Oahu,2035112308,98.3183491171
Oahu,2035112310,68.997642514
Oahu,2035112312,54.6558710899
Oahu,2035112314,67.7691691204
Oahu,2035112316,86.2897294371
Oahu,2035112318,120.640575414
Oahu,2035112320,107.903793308
Oahu,2035112322,77.2975897451
Oahu,2035122300,38.0178405525
Oahu,2035122302,15.6620992583
Oahu,2035122304,7.18141826887
Oahu,2035122306,26.3011945646
Oahu,2035122308,98.3183491171
Oahu,2035122310,68.997642514
Oahu,2035122312,54.6558710899
Oahu,2035122314,67.7691691204
Oahu,2035122316,86.2897294371
Oahu,2035122318,120.640575414
Oahu,2035122320,107.903793308
Oahu,2035122322,77.2975897451
Oahu,2040012300,51.5277517488
Oahu,2040012302,21.2277381019
Oahu,2040012304,9.73338654655
Oahu,2040012306,35.6475119188
Oahu,2040012308,133.25647675
Oahu,2040012310,93.5164476216
Oahu,2040012312,74.0782252808
Oahu,2040012314,91.8514274328
Oahu,2040012316,116.953401148
Oahu,2040012318,163.511065605
Oahu,2040012320,146.248177001
Oahu,2040012322,104.765840387
Oahu,2040022300,51.5277517488
Oahu,2040022302,21.2277381019
Oahu,2040022304,9.73338654655
Oahu,2040022306,35.6475119188
Oahu,2040022308,133.25647675
Oahu,2040022310,93.5164476216
Oahu,2040022312,74.0782252808
Oahu,2040022314,91.8514274328
Oahu,2040022316,116.953401148
Oahu,2040022318,163.511065605
Oahu,2040022320,146.248177001
Oahu,2040022322,104.765840387
Oahu,2040032300,51.5277517488
Oahu,2040032302,21.2277381019
Oahu,2040032304,9.73338654655
Oahu,2040032306,35.6475119188
Oahu,2040032308,133.25647675
Oahu,2040032310,93.5164476216
Oahu,2040032312,74.0782252808
Oahu,2040032314,91.8514274328
Oahu,2040032316,116.953401148
Oahu,2040032318,163.511065605
Oahu,2040032320,146.248177001
Oahu,2040032322,104.765840387
Oahu,2040042300,51.5277517488
Oahu,2040042302,21.2277381019
Oahu,2040042304,9.73338654655
Oahu,2040042306,35.6475119188
Oahu,2040042308,133.25647675
Oahu,2040042310,93.5164476216
Oahu,2040042312,74.0782252808
Oahu,2040042314,91.8514274328
Oahu,2040042316,116.953401148
Oahu,2040042318,163.511065605
Oahu,2040042320,146.248177001
Oahu,2040042322,104.765840387
Oahu,2040052300,51.5277517488
Oahu,2040052302,21.2277381019
Oahu,2040052304,9.73338654655
Oahu,2040052306,35.6475119188
Oahu,2040052308,133.25647675
Oahu,2040052310,93.5164476216
Oahu,2040052312,74.0782252808
Oahu,2040052314,91.8514274328
Oahu,2040052316,116.953401148
Oahu,2040052318,163.511065605
Oahu,2040052320,146.248177001
Oahu,2040052322,104.765840387
Oahu,2040062300,51.5277517488
Oahu,2040062302,21.2277381019
Oahu,2040062304,9.73338654655
Oahu,2040062306,35.6475119188
Oahu,2040062308,133.25647675
Oahu,2040062310,93.5164476216
Oahu,2040062312,74.0782252808
Oahu,2040062314,91.8514274328
Oahu,2040062316,116.953401148
Oahu,2040062318,163.511065605
Oahu,2040062320,146.248177001
Oahu,2040062322,104.765840387
Oahu,2040072300,51.5277517488
Oahu,2040072302,21.2277381019
Oahu,2040072304,9.73338654655
Oahu,2040072306,35.6475119188
Oahu,2040072308,133.25647675
Oahu,2040072310,93.5164476216
Oahu,2040072312,74.0782252808
Oahu,2040072314,91.8514274328
Oahu,2040072316,116.953401148
Oahu,2040072318,163.511065605
Oahu,2040072320,146.248177001
Oahu,2040072322,104.765840387
Oahu,2040082300,51.5277517488
Oahu,2040082302,21.2277381019
Oahu,2040082304,9.73338654655
Oahu,2040082306,35.6475119188
Oahu,2040082308,133.25647675
Oahu,2040082310,93.5164476216
Oahu,2040082312,74.0782252808
Oahu,2040082314,91.8514274328
Oahu,2040082316,116.953401148
Oahu,2040082318,163.511065605
Oahu,2040082320,146.248177001
Oahu,2040082322,104.765840387
Oahu,2040092300,51.5277517488
Oahu,2040092302,21.2277381019
Oahu,2040092304,9.73338654655
Oahu,2040092306,35.6475119188
Oahu,2040092308,133.25647675
Oahu,2040092310,93.5164476216
Oahu,2040092312,74.0782252808
Oahu,2040092314,91.8514274328
Oahu,2040092316,116.953401148
Oahu,2040092318,163.511065605
Oahu,2040092320,146.248177001
Oahu,2040092322,104.765840387
Oahu,2040102300,51.5277517488
Oahu,2040102302,21.2277381019
Oahu,2040102304,9.73338654655
Oahu,2040102306,35.6475119188
Oahu,2040102308,133.25647675
Oahu,2040102310,93.5164476216
Oahu,2040102312,74.0782252808
Oahu,2040102314,91.8514274328
Oahu,2040102316,116.953401148
Oahu,2040102318,163.511065605
Oahu,2040102320,146.248177001
Oahu,2040102322,104.765840387
Oahu,2040112300,51.5277517488
Oahu,2040112302,21.2277381019
Oahu,2040112304,9.73338654655
Oahu,2040112306,35.6475119188
Oahu,2040112308,133.25647675
Oahu,2040112310,93.5164476216
Oahu,2040112312,74.0782252808
Oahu,2040112314,91.8514274328
Oahu,2040112316,116.953401148
Oahu,2040112318,163.511065605
Oahu,2040112320,146.248177001
Oahu,2040112322,104.765840387
Oahu,2040122300,51.5277517488
Oahu,2040122302,21.2277381019
Oahu,2040122304,9.73338654655
Oahu,2040122306,35.6475119188
Oahu,2040122308,133.25647675
Oahu,2040122310,93.5164476216
Oahu,2040122312,74.0782252808
Oahu,2040122314,91.8514274328
Oahu,2040122316,116.953401148
Oahu,2040122318,163.511065605
Oahu,2040122320,146.248177001
Oahu,2040122322,104.765840387
Oahu,2045012300,65.9202199579
Oahu,2045012302,27.1569613925
Oahu,2045012304,12.4520663198
Oahu,2045012306,45.6043927183
Oahu,2045012308,170.47699463
Oahu,2045012310,119.636983716
Oahu,2045012312,94.7693764791
Oahu,2045012314,117.5068986
Oahu,2045012316,149.620227292
Oahu,2045012318,209.182140584
Oahu,2045012320,187.097470182
Oahu,2045012322,134.028499362
Oahu,2045022300,65.9202199579
Oahu,2045022302,27.1569613925
Oahu,2045022304,12.4520663198
Oahu,2045022306,45.6043927183
Oahu,2045022308,170.47699463
Oahu,2045022310,119.636983716
Oahu,2045022312,94.7693764791
Oahu,2045022314,117.5068986
Oahu,2045022316,149.620227292
Oahu,2045022318,209.182140584
Oahu,2045022320,187.097470182
Oahu,2045022322,134.028499362
Oahu,2045032300,65.9202199579
Oahu,2045032302,27.1569613925
Oahu,2045032304,12.4520663198
Oahu,2045032306,45.6043927183
Oahu,2045032308,170.47699463
Oahu,2045032310,119.636983716
Oahu,2045032312,94.7693764791
Oahu,2045032314,117.5068986
Oahu,2045032316,149.620227292
Oahu,2045032318,209.182140584
Oahu,2045032320,187.097470182
Oahu,2045032322,134.028499362
Oahu,2045042300,65.9202199579
Oahu,2045042302,27.1569613925
Oahu,2045042304,12.4520663198
Oahu,2045042306,45.6043927183
Oahu,2045042308,170.47699463
Oahu,2045042310,119.636983716
Oahu,2045042312,94.7693764791
Oahu,2045042314,117.5068986
Oahu,2045042316,149.620227292
Oahu,2045042318,209.182140584
Oahu,2045042320,187.097470182
Oahu,2045042322,134.028499362
Oahu,2045052300,65.9202199579
Oahu,2045052302,27.1569613925
Oahu,2045052304,12.4520663198
Oahu,2045052306,45.6043927183
Oahu,2045052308,170.47699463
Oahu,2045052310,119.636983716
Oahu,2045052312,94.7693764791
Oahu,2045052314,117.5068986
Oahu,2045052316,149.620227292
Oahu,2045052318,209.182140584
Oahu,2045052320,187.097470182
Oahu,2045052322,134.028499362
Oahu,2045062300,65.9202199579
Oahu,2045062302,27.1569613925
Oahu,2045062304,12.4520663198
Oahu,2045062306,45.6043927183
Oahu,2045062308,170.47699463
Oahu,2045062310,119.636983716
Oahu,2045062312,94.7693764791
Oahu,2045062314,117.5068986
Oahu,2045062316,149.620227292
Oahu,2045062318,209.182140584
Oahu,2045062320,187.097470182
Oahu,2045062322,134.028499362
Oahu,2045072300,65.9202199579
Oahu,2045072302,27.1569613925
Oahu,2045072304,12.4520663198
Oahu,2045072306,45.6043927183
Oahu,2045072308,170.47699463
Oahu,2045072310,119.636983716
Oahu,2045072312,94.7693764791
Oahu,2045072314,117.5068986
Oahu,2045072316,149.620227292
Oahu,2045072318,209.182140584
Oahu,2045072320,187.097470182
Oahu,2045072322,134.028499362
Oahu,2045082300,65.9202199579
Oahu,2045082302,27.1569613925
Oahu,2045082304,12.4520663198
Oahu,2045082306,45.6043927183
Oahu,2045082308,170.47699463
Oahu,2045082310,119.636983716
Oahu,2045082312,94.7693764791
Oahu,2045082314,117.5068986
Oahu,2045082316,149.620227292
Oahu,2045082318,209.182140584
Oahu,2045082320,187.097470182
Oahu,2045082322,134.028499362
Oahu,2045092300,65.9202199579
Oahu,2045092302,27.1569613925
Oahu,2045092304,12.4520663198
Oahu,2045092306,45.6043927183
Oahu,2045092308,170.47699463
Oahu,2045092310,119.636983716
Oahu,2045092312,94.7693764791
Oahu,2045092314,117.5068986
Oahu,2045092316,149.620227292
Oahu,2045092318,209.182140584
Oahu,2045092320,187.097470182
Oahu,2045092322,134.028499362
Oahu,2045102300,65.9202199579
Oahu,2045102302,27.1569613925
Oahu,2045102304,12.4520663198
Oahu,2045102306,45.6043927183
Oahu,2045102308,170.47699463
Oahu,2045102310,119.636983716
Oahu,2045102312,94.7693764791
Oahu,2045102314,117.5068986
Oahu,2045102316,149.620227292
Oahu,2045102318,209.182140584
Oahu,2045102320,187.097470182
Oahu,2045102322,134.028499362
Oahu,2045112300,65.9202199579
Oahu,2045112302,27.1569613925
Oahu,2045112304,12.4520663198
Oahu,2045112306,45.6043927183
Oahu,2045112308,170.47699463
Oahu,2045112310,119.636983716
Oahu,2045112312,94.7693764791
Oahu,2045112314,117.5068986
Oahu,2045112316,149.620227292
Oahu,2045112318,209.182140584
Oahu,2045112320,187.097470182
Oahu,2045112322,134.028499362
Oahu,2045122300,65.9202199579
Oahu,2045122302,27.1569613925
Oahu,2045122304,12.4520663198
Oahu,2045122306,45.6043927183
Oahu,2045122308,170.47699463
Oahu,2045122310,119.636983716
Oahu,2045122312,94.7693764791
Oahu,2045122314,117.5068986
Oahu,2045122316,149.620227292
Oahu,2045122318,209.182140584
Oahu,2045122320,187.097470182
Oahu,2045122322,134.028499362
