load_zone,timestamp,ZoneTotalCentralDispatch,ZoneTotalDistributedDispatch,UnservedLoad,zone_demand_mw,StorageNetCharge,ChargeEVs,ShiftDemand
Oahu,2020-01-23-00:00,591.733,0,0,532.599,53.2956,5.83845,0
Oahu,2020-01-23-02:00,553.47,0,0,482.673,68.3921,2.40525,0
Oahu,2020-01-23-04:00,599.171,0,0,564.319,33.7489,1.10286,0
Oahu,2020-01-23-06:00,849.81,0,0,845.771,0,4.03911,0
Oahu,2020-01-23-08:00,934.02,0,0,918.921,0,15.0989,0
Oahu,2020-01-23-10:00,989.611,0,0,957.789,21.2255,10.5961,0
Oahu,2020-01-23-12:00,992.514,0,0,968.355,15.7658,8.39358,0
Oahu,2020-01-23-14:00,982.891,0,0,959.756,12.7276,10.4074,0
Oahu,2020-01-23-16:00,965.3,0,0,952.049,0,13.2516,0
Oahu,2020-01-23-18:00,1073.23,0,0,1054.7,0,18.5269,0
Oahu,2020-01-23-20:00,942.902,0,0,926.331,0,16.5709,0
Oahu,2020-01-23-22:00,708.014,0,0,696.143,0,11.8707,0
Oahu,2020-02-23-00:00,578.574,0,0,572.736,0,5.83845,0
Oahu,2020-02-23-02:00,553.229,0,0,502.067,48.7572,2.40525,0
Oahu,2020-02-23-04:00,566.143,0,0,518.145,46.8957,1.10286,0
Oahu,2020-02-23-06:00,651.629,0,0,647.59,0,4.03911,0
Oahu,2020-02-23-08:00,868.154,0,0,853.055,0,15.0989,0
Oahu,2020-02-23-10:00,948.522,0,0,937.926,0,10.5961,0
Oahu,2020-02-23-12:00,952.706,0,0,941.162,3.15014,8.39358,0
Oahu,2020-02-23-14:00,951.908,0,0,936.325,5.17544,10.4074,0
Oahu,2020-02-23-16:00,1031.48,0,0,952.197,66.0329,13.2516,0
Oahu,2020-02-23-18:00,1029.61,0,0,1011.09,0,18.5269,0
Oahu,2020-02-23-20:00,941.452,0,0,923.53,1.3519,16.5709,0
Oahu,2020-02-23-22:00,778.582,0,0,760.328,6.38335,11.8707,0
Oahu,2020-03-23-00:00,578.851,0,0,568.836,4.17611,5.83845,0
Oahu,2020-03-23-02:00,574.236,0,0,503.439,68.3921,2.40525,0
Oahu,2020-03-23-04:00,517.647,0,0,516.544,0,1.10286,0
Oahu,2020-03-23-06:00,635.109,0,0,609.133,21.9361,4.03911,0
Oahu,2020-03-23-08:00,810.819,0,0,795.72,0,15.0989,0
Oahu,2020-03-23-10:00,907.967,0,0,853.878,43.4921,10.5961,0
Oahu,2020-03-23-12:00,870.528,0,0,862.135,0,8.39358,0
Oahu,2020-03-23-14:00,885.888,0,0,858.041,17.4402,10.4074,0
Oahu,2020-03-23-16:00,887.107,0,0,873.856,0,13.2516,0
Oahu,2020-03-23-18:00,945.853,0,0,927.326,0,18.5269,0
Oahu,2020-03-23-20:00,900.992,0,0,884.422,0,16.5709,0
Oahu,2020-03-23-22:00,722.856,0,0,710.986,0,11.8707,0
Oahu,2020-04-23-00:00,587.741,0,0,543.073,38.8299,5.83845,0
Oahu,2020-04-23-02:00,543.516,0,0,492.896,48.2146,2.40525,0
Oahu,2020-04-23-04:00,630.27,0,0,560.775,68.3921,1.10286,0
Oahu,2020-04-23-06:00,824.641,0,0,820.602,0,4.03911,0
Oahu,2020-04-23-08:00,977.107,0,0,962.009,0,15.0989,0
Oahu,2020-04-23-10:00,1039.55,0,0,1028.95,0,10.5961,0
Oahu,2020-04-23-12:00,1093.4,0,0,1052.35,32.6616,8.39358,0
Oahu,2020-04-23-14:00,1067.68,0,0,1057.27,0,10.4074,0
Oahu,2020-04-23-16:00,1057.62,0,0,1044.36,0,13.2516,0
Oahu,2020-04-23-18:00,1064.27,0,0,1045.75,0,18.5269,0
Oahu,2020-04-23-20:00,998.019,0,0,981.448,0,16.5709,0
Oahu,2020-04-23-22:00,745.441,0,0,733.57,0,11.8707,0
Oahu,2020-05-23-00:00,680.448,0,0,615.228,59.3814,5.83845,0
Oahu,2020-05-23-02:00,632.704,0,0,561.907,68.3921,2.40525,0
Oahu,2020-05-23-04:00,669.118,0,0,641.403,26.6122,1.10286,0
Oahu,2020-05-23-06:00,901.805,0,0,897.766,0,4.03911,0
Oahu,2020-05-23-08:00,1057.11,0,0,1042.01,0,15.0989,0
Oahu,2020-05-23-10:00,1110.68,0,0,1100.09,0,10.5961,0
Oahu,2020-05-23-12:00,1120.16,0,0,1111.76,0,8.39358,0
Oahu,2020-05-23-14:00,1108.87,0,0,1098.46,0,10.4074,0
Oahu,2020-05-23-16:00,1060.52,0,0,1047.27,0,13.2516,0
Oahu,2020-05-23-18:00,1037.26,0,0,1018.74,0,18.5269,0
Oahu,2020-05-23-20:00,983.977,0,0,967.406,0,16.5709,0
Oahu,2020-05-23-22:00,794.291,0,0,782.421,0,11.8707,0
Oahu,2020-06-23-00:00,660.189,0,0,595.137,59.2134,5.83845,0
Oahu,2020-06-23-02:00,543.774,0,0,541.369,0,2.40525,0
Oahu,2020-06-23-04:00,669.741,0,0,612.004,56.6342,1.10286,0
Oahu,2020-06-23-06:00,850.599,0,0,846.56,0,4.03911,0
Oahu,2020-06-23-08:00,1018.54,0,0,1003.44,0,15.0989,0
Oahu,2020-06-23-10:00,1094.47,0,0,1083.87,0,10.5961,0
Oahu,2020-06-23-12:00,1183.22,0,0,1106.43,68.3921,8.39358,0
Oahu,2020-06-23-14:00,1119.15,0,0,1108.46,0.28889,10.4074,0
Oahu,2020-06-23-16:00,1099.67,0,0,1080.96,5.46196,13.2516,0
Oahu,2020-06-23-18:00,1067.09,0,0,1048.56,0,18.5269,0
Oahu,2020-06-23-20:00,1047.06,0,0,1030.49,0,16.5709,0
Oahu,2020-06-23-22:00,809.889,0,0,798.018,0,11.8707,0
Oahu,2020-07-23-00:00,728.453,0,0,654.222,68.3921,5.83845,0
Oahu,2020-07-23-02:00,665.385,0,0,594.588,68.3921,2.40525,0
Oahu,2020-07-23-04:00,657.635,0,0,656.532,0,1.10286,0
Oahu,2020-07-23-06:00,889.833,0,0,885.794,0,4.03911,0
Oahu,2020-07-23-08:00,1047.24,0,0,1032.14,0,15.0989,0
Oahu,2020-07-23-10:00,1124.5,0,0,1113.9,0,10.5961,0
Oahu,2020-07-23-12:00,1178.94,0,0,1130.49,40.0561,8.39358,0
Oahu,2020-07-23-14:00,1134.81,0,0,1124.4,0,10.4074,0
Oahu,2020-07-23-16:00,1122,0,0,1108.74,0,13.2516,0
Oahu,2020-07-23-18:00,1091.71,0,0,1073.18,0,18.5269,0
Oahu,2020-07-23-20:00,1053.45,0,0,1036.87,0,16.5709,0
Oahu,2020-07-23-22:00,830.106,0,0,818.235,0,11.8707,0
Oahu,2020-08-23-00:00,651.141,0,0,645.303,0,5.83845,0
Oahu,2020-08-23-02:00,598.634,0,0,574.382,21.8465,2.40525,0
Oahu,2020-08-23-04:00,615.519,0,0,589.785,24.6309,1.10286,0
Oahu,2020-08-23-06:00,721.92,0,0,717.881,0,4.03911,0
Oahu,2020-08-23-08:00,948.268,0,0,933.169,0,15.0989,0
Oahu,2020-08-23-10:00,1024.18,0,0,1013.58,0,10.5961,0
Oahu,2020-08-23-12:00,1045.63,0,0,1019.81,17.4242,8.39358,0
Oahu,2020-08-23-14:00,1024.14,0,0,1013.73,0,10.4074,0
Oahu,2020-08-23-16:00,1018.18,0,0,1004.92,0,13.2516,0
Oahu,2020-08-23-18:00,1006.92,0,0,988.389,0,18.5269,0
Oahu,2020-08-23-20:00,972.851,0,0,956.28,0,16.5709,0
Oahu,2020-08-23-22:00,822.033,0,0,810.162,0,11.8707,0
Oahu,2020-09-23-00:00,608.225,0,0,602.387,0,5.83845,0
Oahu,2020-09-23-02:00,610.97,0,0,555.937,52.6269,2.40525,0
Oahu,2020-09-23-04:00,697.664,0,0,641.918,54.6434,1.10286,0
Oahu,2020-09-23-06:00,896.957,0,0,892.918,0,4.03911,0
Oahu,2020-09-23-08:00,1042.5,0,0,1027.41,0,15.0989,0
Oahu,2020-09-23-10:00,1113.42,0,0,1085.51,17.3138,10.5961,0
Oahu,2020-09-23-12:00,1151.81,0,0,1112.56,30.8524,8.39358,0
Oahu,2020-09-23-14:00,1124.42,0,0,1114.02,0,10.4074,0
Oahu,2020-09-23-16:00,1101.24,0,0,1087.99,0,13.2516,0
Oahu,2020-09-23-18:00,1156.85,0,0,1138.33,0,18.5269,0
Oahu,2020-09-23-20:00,1015.35,0,0,998.784,0,16.5709,0
Oahu,2020-09-23-22:00,773.388,0,0,761.517,0,11.8707,0
Oahu,2020-10-23-00:00,614.741,0,0,596.589,12.313,5.83845,0
Oahu,2020-10-23-02:00,587.052,0,0,547.704,36.9422,2.40525,0
Oahu,2020-10-23-04:00,614.776,0,0,613.673,0,1.10286,0
Oahu,2020-10-23-06:00,864.653,0,0,860.614,0,4.03911,0
Oahu,2020-10-23-08:00,1001.94,0,0,986.846,0,15.0989,0
Oahu,2020-10-23-10:00,1105.19,0,0,1047.7,46.891,10.5961,0
Oahu,2020-10-23-12:00,1126.51,0,0,1070.73,47.3824,8.39358,0
Oahu,2020-10-23-14:00,1136.73,0,0,1065.16,61.1631,10.4074,0
Oahu,2020-10-23-16:00,1056.3,0,0,1043.05,0,13.2516,0
Oahu,2020-10-23-18:00,1120.9,0,0,1102.37,0,18.5269,0
Oahu,2020-10-23-20:00,984.754,0,0,968.183,0,16.5709,0
Oahu,2020-10-23-22:00,768.78,0,0,756.909,0,11.8707,0
Oahu,2020-11-23-00:00,555.635,0,0,549.797,0,5.83845,0
Oahu,2020-11-23-02:00,519.005,0,0,500.992,15.6073,2.40525,0
Oahu,2020-11-23-04:00,526.372,0,0,525.269,0,1.10286,0
Oahu,2020-11-23-06:00,628.942,0,0,624.903,0,4.03911,0
Oahu,2020-11-23-08:00,825.032,0,0,809.933,0,15.0989,0
Oahu,2020-11-23-10:00,929.376,0,0,894.747,24.0328,10.5961,0
Oahu,2020-11-23-12:00,964.1,0,0,887.315,68.3921,8.39358,0
Oahu,2020-11-23-14:00,946.634,0,0,873.215,63.0117,10.4074,0
Oahu,2020-11-23-16:00,922.808,0,0,909.556,0,13.2516,0
Oahu,2020-11-23-18:00,1046.05,0,0,1027.52,0,18.5269,0
Oahu,2020-11-23-20:00,922.136,0,0,905.565,0,16.5709,0
Oahu,2020-11-23-22:00,727.015,0,0,713.902,1.2428,11.8707,0
Oahu,2020-12-23-00:00,618.751,0,0,555.229,57.684,5.83845,0
Oahu,2020-12-23-02:00,561.978,0,0,491.181,68.3921,2.40525,0
Oahu,2020-12-23-04:00,568.297,0,0,560.695,6.49913,1.10286,0
Oahu,2020-12-23-06:00,789.639,0,0,785.6,0,4.03911,0
Oahu,2020-12-23-08:00,946.256,0,0,931.157,0,15.0989,0
Oahu,2020-12-23-10:00,1008.12,0,0,997.526,0,10.5961,0
Oahu,2020-12-23-12:00,1075.5,0,0,998.715,68.3921,8.39358,0
Oahu,2020-12-23-14:00,1021.84,0,0,989.418,22.0169,10.4074,0
Oahu,2020-12-23-16:00,981.778,0,0,968.527,0,13.2516,0
Oahu,2020-12-23-18:00,1062.93,0,0,1044.4,0,18.5269,0
Oahu,2020-12-23-20:00,955.789,0,0,939.218,0,16.5709,0
Oahu,2020-12-23-22:00,797.038,0,0,762.306,22.8613,11.8707,0
Oahu,2025-01-23-00:00,581.966,0,0,539.48,28.4327,14.053,0
Oahu,2025-01-23-02:00,593.772,0,0,495.335,92.648,5.78938,0
Oahu,2025-01-23-04:00,572.262,0,0,567.529,2.07916,2.65456,0
Oahu,2025-01-23-06:00,826.116,0,0,816.394,0,9.72205,0
Oahu,2025-01-23-08:00,917.418,0,0,881.075,0,36.3427,0
Oahu,2025-01-23-10:00,1057.01,0,0,915.443,116.059,25.5045,0
Oahu,2025-01-23-12:00,1061.05,0,0,924.785,116.059,20.2032,0
Oahu,2025-01-23-14:00,1008.55,0,0,917.182,66.3193,25.0504,0
Oahu,2025-01-23-16:00,942.263,0,0,910.367,0,31.8964,0
Oahu,2025-01-23-18:00,1045.73,0,0,1001.13,0,44.5939,0
Oahu,2025-01-23-20:00,927.513,0,0,887.627,0,39.8859,0
Oahu,2025-01-23-22:00,712.662,0,0,684.09,0,28.5725,0
Oahu,2025-02-23-00:00,660.768,0,0,574.97,71.7446,14.053,0
Oahu,2025-02-23-02:00,553.229,0,0,512.484,34.9564,5.78938,0
Oahu,2025-02-23-04:00,566.143,0,0,526.7,36.7888,2.65456,0
Oahu,2025-02-23-06:00,650.88,0,0,641.158,0,9.72205,0
Oahu,2025-02-23-08:00,859.177,0,0,822.835,0,36.3427,0
Oahu,2025-02-23-10:00,1019.05,0,0,897.88,95.6695,25.5045,0
Oahu,2025-02-23-12:00,1037,0,0,900.741,116.059,20.2032,0
Oahu,2025-02-23-14:00,1008.22,0,0,896.464,86.7088,25.0504,0
Oahu,2025-02-23-16:00,942.395,0,0,910.498,0,31.8964,0
Oahu,2025-02-23-18:00,1007.16,0,0,962.571,0,44.5939,0
Oahu,2025-02-23-20:00,925.036,0,0,885.15,0,39.8859,0
Oahu,2025-02-23-22:00,769.416,0,0,740.844,0,28.5725,0
Oahu,2025-03-23-00:00,585.575,0,0,571.522,0,14.053,0
Oahu,2025-03-23-02:00,564.493,0,0,513.697,45.0072,5.78938,0
Oahu,2025-03-23-04:00,527.939,0,0,525.284,0,2.65456,0
Oahu,2025-03-23-06:00,616.876,0,0,607.154,0,9.72205,0
Oahu,2025-03-23-08:00,1235.03,0,0,772.137,426.545,36.3427,0
Oahu,2025-03-23-10:00,959.884,0,0,823.563,110.817,25.5045,0
Oahu,2025-03-23-12:00,874.961,0,0,830.863,23.8946,20.2032,0
Oahu,2025-03-23-14:00,886.985,0,0,827.243,34.6912,25.0504,0
Oahu,2025-03-23-16:00,905.599,0,0,841.227,32.4758,31.8964,0
Oahu,2025-03-23-18:00,933.1,0,0,888.507,0,44.5939,0
Oahu,2025-03-23-20:00,890.455,0,0,850.57,0,39.8859,0
Oahu,2025-03-23-22:00,725.786,0,0,697.214,0,28.5725,0
Oahu,2025-04-23-00:00,619.72,0,0,548.742,56.9248,14.053,0
Oahu,2025-04-23-02:00,568.464,0,0,504.374,58.2997,5.78938,0
Oahu,2025-04-23-04:00,567.049,0,0,564.394,0,2.65456,0
Oahu,2025-04-23-06:00,803.861,0,0,794.139,0,9.72205,0
Oahu,2025-04-23-08:00,975.016,0,0,919.174,19.5001,36.3427,0
Oahu,2025-04-23-10:00,1108.3,0,0,978.364,104.428,25.5045,0
Oahu,2025-04-23-12:00,1135.31,0,0,999.052,116.059,20.2032,0
Oahu,2025-04-23-14:00,1106.41,0,0,1003.41,77.9507,25.0504,0
Oahu,2025-04-23-16:00,1023.89,0,0,991.994,0,31.8964,0
Oahu,2025-04-23-18:00,1037.81,0,0,993.218,0,44.5939,0
Oahu,2025-04-23-20:00,976.248,0,0,936.363,0,39.8859,0
Oahu,2025-04-23-22:00,745.756,0,0,717.183,0,28.5725,0
Oahu,2025-05-23-00:00,643.72,0,0,612.543,17.1235,14.053,0
Oahu,2025-05-23-02:00,618.194,0,0,565.395,47.0094,5.78938,0
Oahu,2025-05-23-04:00,638.342,0,0,635.688,0,2.65456,0
Oahu,2025-05-23-06:00,872.091,0,0,862.369,0,9.72205,0
Oahu,2025-05-23-08:00,1065.36,0,0,989.911,39.1106,36.3427,0
Oahu,2025-05-23-10:00,1093.23,0,0,1041.27,26.4632,25.5045,0
Oahu,2025-05-23-12:00,1167.17,0,0,1051.59,95.3744,20.2032,0
Oahu,2025-05-23-14:00,1068.81,0,0,1039.83,3.92888,25.0504,0
Oahu,2025-05-23-16:00,1026.46,0,0,994.562,0,31.8964,0
Oahu,2025-05-23-18:00,1013.93,0,0,969.335,0,44.5939,0
Oahu,2025-05-23-20:00,963.832,0,0,923.946,0,39.8859,0
Oahu,2025-05-23-22:00,788.951,0,0,760.378,0,28.5725,0
Oahu,2025-06-23-00:00,623.575,0,0,594.778,14.7437,14.053,0
Oahu,2025-06-23-02:00,553.025,0,0,547.235,0,5.78938,0
Oahu,2025-06-23-04:00,654.741,0,0,609.692,42.3942,2.65456,0
Oahu,2025-06-23-06:00,826.814,0,0,817.092,0,9.72205,0
Oahu,2025-06-23-08:00,1011.81,0,0,955.806,19.6658,36.3427,0
Oahu,2025-06-23-10:00,1117.38,0,0,1026.93,64.9522,25.5045,0
Oahu,2025-06-23-12:00,1183.14,0,0,1046.88,116.059,20.2032,0
Oahu,2025-06-23-14:00,1158.21,0,0,1048.67,84.4947,25.0504,0
Oahu,2025-06-23-16:00,1080.14,0,0,1024.35,23.8986,31.8964,0
Oahu,2025-06-23-18:00,1040.3,0,0,995.705,0,44.5939,0
Oahu,2025-06-23-20:00,1019.62,0,0,979.729,0,39.8859,0
Oahu,2025-06-23-22:00,802.742,0,0,774.17,0,28.5725,0
Oahu,2025-07-23-00:00,743.11,0,0,647.022,82.0348,14.053,0
Oahu,2025-07-23-02:00,686.806,0,0,594.293,86.724,5.78938,0
Oahu,2025-07-23-04:00,651.719,0,0,649.065,0,2.65456,0
Oahu,2025-07-23-06:00,861.505,0,0,851.783,0,9.72205,0
Oahu,2025-07-23-08:00,1086.71,0,0,981.185,69.18,36.3427,0
Oahu,2025-07-23-10:00,1186.91,0,0,1053.48,107.924,25.5045,0
Oahu,2025-07-23-12:00,1204.41,0,0,1068.15,116.059,20.2032,0
Oahu,2025-07-23-14:00,1098.64,0,0,1062.76,10.8252,25.0504,0
Oahu,2025-07-23-16:00,1085.31,0,0,1048.92,4.49291,31.8964,0
Oahu,2025-07-23-18:00,1062.07,0,0,1017.47,0,44.5939,0
Oahu,2025-07-23-20:00,1025.26,0,0,985.371,0,39.8859,0
Oahu,2025-07-23-22:00,820.619,0,0,792.046,0,28.5725,0
Oahu,2025-08-23-00:00,674.672,0,0,639.136,21.4838,14.053,0
Oahu,2025-08-23-02:00,582.216,0,0,576.426,0,5.78938,0
Oahu,2025-08-23-04:00,592.701,0,0,590.046,0,2.65456,0
Oahu,2025-08-23-06:00,713.033,0,0,703.311,0,9.72205,0
Oahu,2025-08-23-08:00,973.116,0,0,893.673,43.1001,36.3427,0
Oahu,2025-08-23-10:00,1065.7,0,0,964.775,75.416,25.5045,0
Oahu,2025-08-23-12:00,1090.17,0,0,970.285,99.6819,20.2032,0
Oahu,2025-08-23-14:00,1022.2,0,0,964.906,32.2462,25.0504,0
Oahu,2025-08-23-16:00,1056.51,0,0,957.121,67.4932,31.8964,0
Oahu,2025-08-23-18:00,987.094,0,0,942.5,0,44.5939,0
Oahu,2025-08-23-20:00,953.994,0,0,914.108,0,39.8859,0
Oahu,2025-08-23-22:00,813.48,0,0,784.908,0,28.5725,0
Oahu,2025-09-23-00:00,688.039,0,0,601.189,72.7971,14.053,0
Oahu,2025-09-23-02:00,566.97,0,0,560.117,1.06324,5.78938,0
Oahu,2025-09-23-04:00,653.664,0,0,636.143,14.8668,2.65456,0
Oahu,2025-09-23-06:00,867.804,0,0,858.082,0,9.72205,0
Oahu,2025-09-23-08:00,1027.36,0,0,976.999,14.0226,36.3427,0
Oahu,2025-09-23-10:00,1081.1,0,0,1028.37,27.2189,25.5045,0
Oahu,2025-09-23-12:00,1174.67,0,0,1052.3,102.175,20.2032,0
Oahu,2025-09-23-14:00,1128.03,0,0,1053.58,49.3996,25.0504,0
Oahu,2025-09-23-16:00,1082.74,0,0,1030.57,20.2803,31.8964,0
Oahu,2025-09-23-18:00,1119.67,0,0,1075.08,0,44.5939,0
Oahu,2025-09-23-20:00,991.577,0,0,951.691,0,39.8859,0
Oahu,2025-09-23-22:00,770.468,0,0,741.895,0,28.5725,0
Oahu,2025-10-23-00:00,650.805,0,0,596.062,40.6897,14.053,0
Oahu,2025-10-23-02:00,625.608,0,0,552.837,66.9812,5.78938,0
Oahu,2025-10-23-04:00,615.855,0,0,611.168,2.03187,2.65456,0
Oahu,2025-10-23-06:00,839.24,0,0,829.518,0,9.72205,0
Oahu,2025-10-23-08:00,1000.06,0,0,941.135,22.5861,36.3427,0
Oahu,2025-10-23-10:00,1136.51,0,0,994.946,116.059,25.5045,0
Oahu,2025-10-23-12:00,1148.49,0,0,1015.31,112.973,20.2032,0
Oahu,2025-10-23-14:00,1101.76,0,0,1010.39,66.3193,25.0504,0
Oahu,2025-10-23-16:00,1022.73,0,0,990.831,0,31.8964,0
Oahu,2025-10-23-18:00,1087.88,0,0,1043.29,0,44.5939,0
Oahu,2025-10-23-20:00,964.519,0,0,924.634,0,39.8859,0
Oahu,2025-10-23-22:00,766.393,0,0,737.82,0,28.5725,0
Oahu,2025-11-23-00:00,568.74,0,0,554.687,0,14.053,0
Oahu,2025-11-23-02:00,517.322,0,0,511.533,0,5.78938,0
Oahu,2025-11-23-04:00,535.654,0,0,532.999,0,2.65456,0
Oahu,2025-11-23-06:00,630.819,0,0,621.097,0,9.72205,0
Oahu,2025-11-23-08:00,860.354,0,0,784.706,39.3059,36.3427,0
Oahu,2025-11-23-10:00,951.524,0,0,859.7,66.3193,25.5045,0
Oahu,2025-11-23-12:00,989.39,0,0,853.128,116.059,20.2032,0
Oahu,2025-11-23-14:00,961.964,0,0,840.661,96.2531,25.0504,0
Oahu,2025-11-23-16:00,904.69,0,0,872.794,0,31.8964,0
Oahu,2025-11-23-18:00,1021.69,0,0,977.1,0,44.5939,0
Oahu,2025-11-23-20:00,909.151,0,0,869.265,0,39.8859,0
Oahu,2025-11-23-22:00,728.365,0,0,699.792,0,28.5725,0
Oahu,2025-12-23-00:00,603.751,0,0,559.49,30.2078,14.053,0
Oahu,2025-12-23-02:00,575.24,0,0,502.858,66.5931,5.78938,0
Oahu,2025-12-23-04:00,566.978,0,0,564.323,0,2.65456,0
Oahu,2025-12-23-06:00,772.911,0,0,763.189,0,9.72205,0
Oahu,2025-12-23-08:00,928.236,0,0,891.894,0,36.3427,0
Oahu,2025-12-23-10:00,1045.04,0,0,950.579,68.9612,25.5045,0
Oahu,2025-12-23-12:00,1041.94,0,0,951.63,70.1089,20.2032,0
Oahu,2025-12-23-14:00,1084.52,0,0,943.41,116.059,25.0504,0
Oahu,2025-12-23-16:00,974.352,0,0,924.937,17.5184,31.8964,0
Oahu,2025-12-23-18:00,1036.62,0,0,992.024,0,44.5939,0
Oahu,2025-12-23-20:00,938.908,0,0,899.022,0,39.8859,0
Oahu,2025-12-23-22:00,771.165,0,0,742.593,0,28.5725,0
Oahu,2030-01-23-00:00,633.724,0,0,608.605,0,25.1189,0
Oahu,2030-01-23-02:00,590.129,0,0,579.781,0,10.3482,0
Oahu,2030-01-23-04:00,631.664,0,0,626.919,0,4.74487,0
Oahu,2030-01-23-06:00,806.792,0,0,789.415,0,17.3776,0
Oahu,2030-01-23-08:00,910.812,0,0,831.648,14.204,64.9603,0
Oahu,2030-01-23-10:00,1142.67,0,0,854.088,242.994,45.5877,0
Oahu,2030-01-23-12:00,1133.82,0,0,860.188,237.516,36.1119,0
Oahu,2030-01-23-14:00,1052.48,0,0,855.224,152.484,44.7761,0
Oahu,2030-01-23-16:00,907.787,0,0,850.774,0,57.0129,0
Oahu,2030-01-23-18:00,989.749,0,0,910.04,0,79.709,0
Oahu,2030-01-23-20:00,907.22,0,0,835.926,0,71.2936,0
Oahu,2030-01-23-22:00,754.099,0,0,703.027,0,51.0716,0
Oahu,2030-02-23-00:00,713.593,0,0,631.778,56.6963,25.1189,0
Oahu,2030-02-23-02:00,745.801,0,0,590.978,144.475,10.3482,0
Oahu,2030-02-23-04:00,619.529,0,0,600.26,14.5242,4.74487,0
Oahu,2030-02-23-06:00,692.373,0,0,674.995,0,17.3776,0
Oahu,2030-02-23-08:00,887.503,0,0,793.62,28.9222,64.9603,0
Oahu,2030-02-23-10:00,1083.13,0,0,842.62,194.918,45.5877,0
Oahu,2030-02-23-12:00,1123.59,0,0,844.489,242.994,36.1119,0
Oahu,2030-02-23-14:00,1093.43,0,0,841.696,206.961,44.7761,0
Oahu,2030-02-23-16:00,939.498,0,0,850.86,31.6259,57.0129,0
Oahu,2030-02-23-18:00,964.569,0,0,884.86,0,79.709,0
Oahu,2030-02-23-20:00,905.602,0,0,834.308,0,71.2936,0
Oahu,2030-02-23-22:00,791.156,0,0,740.084,0,51.0716,0
Oahu,2030-03-23-00:00,654.646,0,0,629.527,0,25.1189,0
Oahu,2030-03-23-02:00,602.118,0,0,591.77,0,10.3482,0
Oahu,2030-03-23-04:00,604.081,0,0,599.336,0,4.74487,0
Oahu,2030-03-23-06:00,670.17,0,0,652.792,0,17.3776,0
Oahu,2030-03-23-08:00,958.535,0,0,760.518,133.057,64.9603,0
Oahu,2030-03-23-10:00,1077.5,0,0,794.096,237.819,45.5877,0
Oahu,2030-03-23-12:00,834.974,0,0,798.862,0,36.1119,0
Oahu,2030-03-23-14:00,1084.27,0,0,796.499,242.994,44.7761,0
Oahu,2030-03-23-16:00,999.443,0,0,805.629,136.801,57.0129,0
Oahu,2030-03-23-18:00,916.209,0,0,836.5,0,79.709,0
Oahu,2030-03-23-20:00,883.023,0,0,811.729,0,71.2936,0
Oahu,2030-03-23-22:00,762.668,0,0,711.597,0,51.0716,0
Oahu,2030-04-23-00:00,648.334,0,0,614.653,8.56242,25.1189,0
Oahu,2030-04-23-02:00,603.102,0,0,585.683,7.07076,10.3482,0
Oahu,2030-04-23-04:00,629.617,0,0,624.872,0,4.74487,0
Oahu,2030-04-23-06:00,792.261,0,0,774.884,0,17.3776,0
Oahu,2030-04-23-08:00,980.741,0,0,856.524,59.2561,64.9603,0
Oahu,2030-04-23-10:00,1150.64,0,0,895.172,209.878,45.5877,0
Oahu,2030-04-23-12:00,1187.79,0,0,908.68,242.994,36.1119,0
Oahu,2030-04-23-14:00,1167.59,0,0,911.526,211.291,44.7761,0
Oahu,2030-04-23-16:00,988.337,0,0,904.072,27.2526,57.0129,0
Oahu,2030-04-23-18:00,984.58,0,0,904.871,0,79.709,0
Oahu,2030-04-23-20:00,939.041,0,0,867.748,0,71.2936,0
Oahu,2030-04-23-22:00,775.707,0,0,724.636,0,51.0716,0
Oahu,2030-05-23-00:00,681.43,0,0,656.311,0,25.1189,0
Oahu,2030-05-23-02:00,635.874,0,0,625.526,0,10.3482,0
Oahu,2030-05-23-04:00,676.168,0,0,671.423,0,4.74487,0
Oahu,2030-05-23-06:00,836.812,0,0,819.434,0,17.3776,0
Oahu,2030-05-23-08:00,1115.75,0,0,902.712,148.075,64.9603,0
Oahu,2030-05-23-10:00,1139.07,0,0,936.244,157.237,45.5877,0
Oahu,2030-05-23-12:00,1222.09,0,0,942.984,242.994,36.1119,0
Oahu,2030-05-23-14:00,1113.83,0,0,935.306,133.751,44.7761,0
Oahu,2030-05-23-16:00,1031.38,0,0,905.749,68.6138,57.0129,0
Oahu,2030-05-23-18:00,968.986,0,0,889.277,0,79.709,0
Oahu,2030-05-23-20:00,930.934,0,0,859.64,0,71.2936,0
Oahu,2030-05-23-22:00,803.911,0,0,752.839,0,51.0716,0
Oahu,2030-06-23-00:00,669.83,0,0,644.712,0,25.1189,0
Oahu,2030-06-23-02:00,624.017,0,0,613.669,0,10.3482,0
Oahu,2030-06-23-04:00,659.194,0,0,654.45,0,4.74487,0
Oahu,2030-06-23-06:00,807.248,0,0,789.87,0,17.3776,0
Oahu,2030-06-23-08:00,1035.21,0,0,880.443,89.8052,64.9603,0
Oahu,2030-06-23-10:00,1150.64,0,0,926.882,178.174,45.5877,0
Oahu,2030-06-23-12:00,1219.01,0,0,939.908,242.994,36.1119,0
Oahu,2030-06-23-14:00,1193.73,0,0,941.076,207.88,44.7761,0
Oahu,2030-06-23-16:00,1014.03,0,0,925.198,31.8184,57.0129,0
Oahu,2030-06-23-18:00,986.204,0,0,906.495,0,79.709,0
Oahu,2030-06-23-20:00,967.357,0,0,896.064,0,71.2936,0
Oahu,2030-06-23-22:00,812.916,0,0,761.845,0,51.0716,0
Oahu,2030-07-23-00:00,703.943,0,0,678.824,0,25.1189,0
Oahu,2030-07-23-02:00,662.306,0,0,644.395,7.56328,10.3482,0
Oahu,2030-07-23-04:00,684.903,0,0,680.158,0,4.74487,0
Oahu,2030-07-23-06:00,829.899,0,0,812.522,0,17.3776,0
Oahu,2030-07-23-08:00,969.689,0,0,897.014,7.71397,64.9603,0
Oahu,2030-07-23-10:00,1229.36,0,0,944.219,239.548,45.5877,0
Oahu,2030-07-23-12:00,1232.9,0,0,953.798,242.994,36.1119,0
Oahu,2030-07-23-14:00,1146.15,0,0,950.28,151.095,44.7761,0
Oahu,2030-07-23-16:00,1081.61,0,0,941.241,83.3574,57.0129,0
Oahu,2030-07-23-18:00,1000.42,0,0,920.709,0,79.709,0
Oahu,2030-07-23-20:00,971.041,0,0,899.748,0,71.2936,0
Oahu,2030-07-23-22:00,824.589,0,0,773.517,0,51.0716,0
Oahu,2030-08-23-00:00,698.794,0,0,673.675,0,25.1189,0
Oahu,2030-08-23-02:00,643.077,0,0,632.729,0,10.3482,0
Oahu,2030-08-23-04:00,646.367,0,0,641.622,0,4.74487,0
Oahu,2030-08-23-06:00,732.955,0,0,715.578,0,17.3776,0
Oahu,2030-08-23-08:00,1056.23,0,0,839.874,151.4,64.9603,0
Oahu,2030-08-23-10:00,1083.51,0,0,886.299,151.624,45.5877,0
Oahu,2030-08-23-12:00,1169,0,0,889.897,242.994,36.1119,0
Oahu,2030-08-23-14:00,1095.29,0,0,886.385,164.132,44.7761,0
Oahu,2030-08-23-16:00,978.153,0,0,881.302,39.8384,57.0129,0
Oahu,2030-08-23-18:00,951.464,0,0,871.755,0,79.709,0
Oahu,2030-08-23-20:00,924.51,0,0,853.217,0,71.2936,0
Oahu,2030-08-23-22:00,819.928,0,0,768.856,0,51.0716,0
Oahu,2030-09-23-00:00,674.016,0,0,648.897,0,25.1189,0
Oahu,2030-09-23-02:00,680.942,0,0,622.08,48.5137,10.3482,0
Oahu,2030-09-23-04:00,676.465,0,0,671.72,0,4.74487,0
Oahu,2030-09-23-06:00,834.012,0,0,816.635,0,17.3776,0
Oahu,2030-09-23-08:00,1068.47,0,0,894.281,109.225,64.9603,0
Oahu,2030-09-23-10:00,1101.1,0,0,927.826,127.689,45.5877,0
Oahu,2030-09-23-12:00,1222.55,0,0,943.446,242.994,36.1119,0
Oahu,2030-09-23-14:00,1162.22,0,0,944.285,173.162,44.7761,0
Oahu,2030-09-23-16:00,1083.87,0,0,929.259,97.6008,57.0129,0
Oahu,2030-09-23-18:00,1038.03,0,0,958.321,0,79.709,0
Oahu,2030-09-23-20:00,949.05,0,0,877.756,0,71.2936,0
Oahu,2030-09-23-22:00,791.843,0,0,740.771,0,51.0716,0
Oahu,2030-10-23-00:00,670.669,0,0,645.55,0,25.1189,0
Oahu,2030-10-23-02:00,631.308,0,0,617.326,3.63311,10.3482,0
Oahu,2030-10-23-04:00,660.158,0,0,655.413,0,4.74487,0
Oahu,2030-10-23-06:00,815.362,0,0,797.984,0,17.3776,0
Oahu,2030-10-23-08:00,1039.54,0,0,870.864,103.715,64.9603,0
Oahu,2030-10-23-10:00,1184.21,0,0,906,232.627,45.5877,0
Oahu,2030-10-23-12:00,1198.4,0,0,919.296,242.994,36.1119,0
Oahu,2030-10-23-14:00,1132.19,0,0,916.081,171.335,44.7761,0
Oahu,2030-10-23-16:00,960.326,0,0,903.313,0,57.0129,0
Oahu,2030-10-23-18:00,1017.27,0,0,937.564,0,79.709,0
Oahu,2030-10-23-20:00,931.383,0,0,860.089,0,71.2936,0
Oahu,2030-10-23-22:00,789.182,0,0,738.11,0,51.0716,0
Oahu,2030-11-23-00:00,643.653,0,0,618.535,0,25.1189,0
Oahu,2030-11-23-02:00,600.705,0,0,590.357,0,10.3482,0
Oahu,2030-11-23-04:00,609.118,0,0,604.373,0,4.74487,0
Oahu,2030-11-23-06:00,679.274,0,0,661.897,0,17.3776,0
Oahu,2030-11-23-08:00,932.175,0,0,768.724,98.4903,64.9603,0
Oahu,2030-11-23-10:00,1050.58,0,0,817.691,187.302,45.5877,0
Oahu,2030-11-23-12:00,1257.43,0,0,813.4,407.916,36.1119,0
Oahu,2030-11-23-14:00,1071.92,0,0,805.26,221.884,44.7761,0
Oahu,2030-11-23-16:00,883.254,0,0,826.241,0,57.0129,0
Oahu,2030-11-23-18:00,974.056,0,0,894.347,0,79.709,0
Oahu,2030-11-23-20:00,895.23,0,0,823.937,0,71.2936,0
Oahu,2030-11-23-22:00,764.352,0,0,713.28,0,51.0716,0
Oahu,2030-12-23-00:00,646.789,0,0,621.67,0,25.1189,0
Oahu,2030-12-23-02:00,595.041,0,0,584.693,0,10.3482,0
Oahu,2030-12-23-04:00,629.571,0,0,624.826,0,4.74487,0
Oahu,2030-12-23-06:00,772.052,0,0,754.675,0,17.3776,0
Oahu,2030-12-23-08:00,903.672,0,0,838.712,0,64.9603,0
Oahu,2030-12-23-10:00,1095.33,0,0,877.03,172.71,45.5877,0
Oahu,2030-12-23-12:00,1137.81,0,0,877.717,223.985,36.1119,0
Oahu,2030-12-23-14:00,1160.12,0,0,872.349,242.994,44.7761,0
Oahu,2030-12-23-16:00,917.3,0,0,860.287,0,57.0129,0
Oahu,2030-12-23-18:00,983.801,0,0,904.092,0,79.709,0
Oahu,2030-12-23-20:00,914.66,0,0,843.366,0,71.2936,0
Oahu,2030-12-23-22:00,792.298,0,0,741.227,0,51.0716,0
Oahu,2035-01-23-00:00,656.956,0,0,618.938,0,38.0178,0
Oahu,2035-01-23-02:00,606.105,0,0,589.148,1.29407,15.6621,0
Oahu,2035-01-23-04:00,645.046,0,0,637.865,0,7.18142,0
Oahu,2035-01-23-06:00,832.101,0,0,805.8,0,26.3012,0
Oahu,2035-01-23-08:00,1016.01,0,0,849.447,68.2445,98.3183,0
Oahu,2035-01-23-10:00,1259.91,0,0,872.639,318.276,68.9976,0
Oahu,2035-01-23-12:00,1234.53,0,0,878.943,300.933,54.6559,0
Oahu,2035-01-23-14:00,1169.93,0,0,873.812,228.345,67.7692,0
Oahu,2035-01-23-16:00,986.424,0,0,869.213,30.9208,86.2897,0
Oahu,2035-01-23-18:00,1051.1,0,0,930.464,0,120.641,0
Oahu,2035-01-23-20:00,961.772,0,0,853.868,0,107.904,0
Oahu,2035-01-23-22:00,793.818,0,0,716.521,0,77.2976,0
Oahu,2035-02-23-00:00,711.033,0,0,642.887,30.129,38.0178,0
Oahu,2035-02-23-02:00,754.023,0,0,600.72,137.64,15.6621,0
Oahu,2035-02-23-04:00,623.203,0,0,610.313,5.70791,7.18142,0
Oahu,2035-02-23-06:00,713.851,0,0,687.55,0,26.3012,0
Oahu,2035-02-23-08:00,994.206,0,0,810.146,85.7407,98.3183,0
Oahu,2035-02-23-10:00,1201.51,0,0,860.787,271.728,68.9976,0
Oahu,2035-02-23-12:00,1199,0,0,862.718,281.629,54.6559,0
Oahu,2035-02-23-14:00,1241.48,0,0,859.832,313.881,67.7692,0
Oahu,2035-02-23-16:00,1073.71,0,0,869.302,118.122,86.2897,0
Oahu,2035-02-23-18:00,1025.08,0,0,904.441,0,120.641,0
Oahu,2035-02-23-20:00,960.101,0,0,852.197,0,107.904,0
Oahu,2035-02-23-22:00,832.116,0,0,754.819,0,77.2976,0
Oahu,2035-03-23-00:00,678.578,0,0,640.56,0,38.0178,0
Oahu,2035-03-23-02:00,617.201,0,0,601.539,0,15.6621,0
Oahu,2035-03-23-04:00,616.54,0,0,609.358,0,7.18142,0
Oahu,2035-03-23-06:00,690.906,0,0,664.604,0,26.3012,0
Oahu,2035-03-23-08:00,1186.35,0,0,775.936,312.098,98.3183,0
Oahu,2035-03-23-10:00,1217.3,0,0,810.638,337.666,68.9976,0
Oahu,2035-03-23-12:00,1207.89,0,0,815.564,337.666,54.6559,0
Oahu,2035-03-23-14:00,880.89,0,0,813.121,0,67.7692,0
Oahu,2035-03-23-16:00,1072.55,0,0,822.558,163.704,86.2897,0
Oahu,2035-03-23-18:00,975.103,0,0,854.462,0,120.641,0
Oahu,2035-03-23-20:00,936.766,0,0,828.862,0,107.904,0
Oahu,2035-03-23-22:00,802.675,0,0,725.377,0,77.2976,0
Oahu,2035-04-23-00:00,663.205,0,0,625.188,0,38.0178,0
Oahu,2035-04-23-02:00,610.91,0,0,595.248,0,15.6621,0
Oahu,2035-04-23-04:00,642.931,0,0,635.75,0,7.18142,0
Oahu,2035-04-23-06:00,817.084,0,0,790.783,0,26.3012,0
Oahu,2035-04-23-08:00,1152.54,0,0,875.156,179.069,98.3183,0
Oahu,2035-04-23-10:00,1307.39,0,0,915.098,323.297,68.9976,0
Oahu,2035-04-23-12:00,1262.33,0,0,929.058,278.618,54.6559,0
Oahu,2035-04-23-14:00,1259.62,0,0,931.999,259.847,67.7692,0
Oahu,2035-04-23-16:00,1120.89,0,0,924.296,110.301,86.2897,0
Oahu,2035-04-23-18:00,1045.76,0,0,925.121,0,120.641,0
Oahu,2035-04-23-20:00,994.659,0,0,886.755,0,107.904,0
Oahu,2035-04-23-22:00,816.15,0,0,738.853,0,77.2976,0
Oahu,2035-05-23-00:00,706.259,0,0,668.241,0,38.0178,0
Oahu,2035-05-23-02:00,652.087,0,0,636.425,0,15.6621,0
Oahu,2035-05-23-04:00,691.04,0,0,683.859,0,7.18142,0
Oahu,2035-05-23-06:00,863.126,0,0,836.825,0,26.3012,0
Oahu,2035-05-23-08:00,1253.37,0,0,922.89,232.16,98.3183,0
Oahu,2035-05-23-10:00,1285.31,0,0,957.544,258.772,68.9976,0
Oahu,2035-05-23-12:00,1356.83,0,0,964.511,337.666,54.6559,0
Oahu,2035-05-23-14:00,1215.64,0,0,956.576,191.295,67.7692,0
Oahu,2035-05-23-16:00,1066.53,0,0,926.029,54.2136,86.2897,0
Oahu,2035-05-23-18:00,1029.65,0,0,909.005,0,120.641,0
Oahu,2035-05-23-20:00,986.281,0,0,878.377,0,107.904,0
Oahu,2035-05-23-22:00,845.298,0,0,768.001,0,77.2976,0
Oahu,2035-06-23-00:00,694.271,0,0,656.253,0,38.0178,0
Oahu,2035-06-23-02:00,639.833,0,0,624.171,0,15.6621,0
Oahu,2035-06-23-04:00,673.498,0,0,666.317,0,7.18142,0
Oahu,2035-06-23-06:00,832.572,0,0,806.271,0,26.3012,0
Oahu,2035-06-23-08:00,1156.96,0,0,899.876,158.769,98.3183,0
Oahu,2035-06-23-10:00,1280.93,0,0,947.869,264.068,68.9976,0
Oahu,2035-06-23-12:00,1353.65,0,0,961.331,337.666,54.6559,0
Oahu,2035-06-23-14:00,1329.32,0,0,962.539,299.012,67.7692,0
Oahu,2035-06-23-16:00,1124.04,0,0,946.13,91.6185,86.2897,0
Oahu,2035-06-23-18:00,1047.44,0,0,926.8,0,120.641,0
Oahu,2035-06-23-20:00,1023.92,0,0,916.019,0,107.904,0
Oahu,2035-06-23-22:00,854.605,0,0,777.307,0,77.2976,0
Oahu,2035-07-23-00:00,764.323,0,0,691.508,34.7978,38.0178,0
Oahu,2035-07-23-02:00,699.351,0,0,655.925,27.7634,15.6621,0
Oahu,2035-07-23-04:00,700.067,0,0,692.886,0,7.18142,0
Oahu,2035-07-23-06:00,855.982,0,0,829.681,0,26.3012,0
Oahu,2035-07-23-08:00,1042.19,0,0,917.002,26.8666,98.3183,0
Oahu,2035-07-23-10:00,1333.18,0,0,965.787,298.4,68.9976,0
Oahu,2035-07-23-12:00,1338.23,0,0,975.687,307.889,54.6559,0
Oahu,2035-07-23-14:00,1226.13,0,0,972.05,186.312,67.7692,0
Oahu,2035-07-23-16:00,1160.08,0,0,962.71,111.078,86.2897,0
Oahu,2035-07-23-18:00,1062.13,0,0,941.49,0,120.641,0
Oahu,2035-07-23-20:00,1027.73,0,0,919.827,0,107.904,0
Oahu,2035-07-23-22:00,866.668,0,0,789.37,0,77.2976,0
Oahu,2035-08-23-00:00,724.203,0,0,686.186,0,38.0178,0
Oahu,2035-08-23-02:00,659.531,0,0,643.869,0,15.6621,0
Oahu,2035-08-23-04:00,660.241,0,0,653.06,0,7.18142,0
Oahu,2035-08-23-06:00,755.793,0,0,729.491,0,26.3012,0
Oahu,2035-08-23-08:00,1293.93,0,0,857.949,337.666,98.3183,0
Oahu,2035-08-23-10:00,1103.33,0,0,905.928,128.402,68.9976,0
Oahu,2035-08-23-12:00,1301.97,0,0,909.647,337.666,54.6559,0
Oahu,2035-08-23-14:00,1232.27,0,0,906.017,258.481,67.7692,0
Oahu,2035-08-23-16:00,1075.97,0,0,900.763,88.9192,86.2897,0
Oahu,2035-08-23-18:00,1011.54,0,0,890.897,0,120.641,0
Oahu,2035-08-23-20:00,979.642,0,0,871.738,0,107.904,0
Oahu,2035-08-23-22:00,861.851,0,0,784.553,0,77.2976,0
Oahu,2035-09-23-00:00,698.597,0,0,660.579,0,38.0178,0
Oahu,2035-09-23-02:00,648.526,0,0,632.864,0,15.6621,0
Oahu,2035-09-23-04:00,691.347,0,0,684.166,0,7.18142,0
Oahu,2035-09-23-06:00,860.233,0,0,833.932,0,26.3012,0
Oahu,2035-09-23-08:00,1183.53,0,0,914.177,171.031,98.3183,0
Oahu,2035-09-23-10:00,1204.33,0,0,948.845,186.49,68.9976,0
Oahu,2035-09-23-12:00,1357.31,0,0,964.988,337.666,54.6559,0
Oahu,2035-09-23-14:00,1308.12,0,0,965.855,274.493,67.7692,0
Oahu,2035-09-23-16:00,1218.07,0,0,950.326,181.453,86.2897,0
Oahu,2035-09-23-18:00,1101,0,0,980.361,0,120.641,0
Oahu,2035-09-23-20:00,1005,0,0,897.099,0,107.904,0
Oahu,2035-09-23-22:00,832.826,0,0,755.528,0,77.2976,0
Oahu,2035-10-23-00:00,695.137,0,0,657.119,0,38.0178,0
Oahu,2035-10-23-02:00,643.613,0,0,627.951,0,15.6621,0
Oahu,2035-10-23-04:00,674.495,0,0,667.313,0,7.18142,0
Oahu,2035-10-23-06:00,840.958,0,0,814.656,0,26.3012,0
Oahu,2035-10-23-08:00,1199.16,0,0,889.976,210.869,98.3183,0
Oahu,2035-10-23-10:00,1326.04,0,0,926.288,330.752,68.9976,0
Oahu,2035-10-23-12:00,1332.35,0,0,940.03,337.666,54.6559,0
Oahu,2035-10-23-14:00,1276.32,0,0,936.707,271.846,67.7692,0
Oahu,2035-10-23-16:00,1009.8,0,0,923.511,0,86.2897,0
Oahu,2035-10-23-18:00,1079.55,0,0,958.909,0,120.641,0
Oahu,2035-10-23-20:00,986.745,0,0,878.841,0,107.904,0
Oahu,2035-10-23-22:00,830.076,0,0,752.778,0,77.2976,0
Oahu,2035-11-23-00:00,667.217,0,0,629.2,0,38.0178,0
Oahu,2035-11-23-02:00,615.741,0,0,600.079,0,15.6621,0
Oahu,2035-11-23-04:00,621.746,0,0,614.564,0,7.18142,0
Oahu,2035-11-23-06:00,700.315,0,0,674.013,0,26.3012,0
Oahu,2035-11-23-08:00,1075.19,0,0,784.417,192.457,98.3183,0
Oahu,2035-11-23-10:00,1178.16,0,0,835.023,274.143,68.9976,0
Oahu,2035-11-23-12:00,1222.91,0,0,830.588,337.666,54.6559,0
Oahu,2035-11-23-14:00,1166.76,0,0,822.175,276.82,67.7692,0
Oahu,2035-11-23-16:00,971.708,0,0,843.859,41.5593,86.2897,0
Oahu,2035-11-23-18:00,1034.89,0,0,914.246,0,120.641,0
Oahu,2035-11-23-20:00,949.382,0,0,841.478,0,107.904,0
Oahu,2035-11-23-22:00,804.415,0,0,727.117,0,77.2976,0
Oahu,2035-12-23-00:00,670.458,0,0,632.441,0,38.0178,0
Oahu,2035-12-23-02:00,609.887,0,0,594.225,0,15.6621,0
Oahu,2035-12-23-04:00,642.883,0,0,635.702,0,7.18142,0
Oahu,2035-12-23-06:00,796.199,0,0,769.897,0,26.3012,0
Oahu,2035-12-23-08:00,955.066,0,0,856.748,0,98.3183,0
Oahu,2035-12-23-10:00,1169.5,0,0,896.349,204.155,68.9976,0
Oahu,2035-12-23-12:00,1250.22,0,0,897.058,298.503,54.6559,0
Oahu,2035-12-23-14:00,1296.95,0,0,891.511,337.666,67.7692,0
Oahu,2035-12-23-16:00,978.387,0,0,879.046,13.0522,86.2897,0
Oahu,2035-12-23-18:00,1044.96,0,0,924.316,0,120.641,0
Oahu,2035-12-23-20:00,969.462,0,0,861.558,0,107.904,0
Oahu,2035-12-23-22:00,833.296,0,0,755.999,0,77.2976,0
Oahu,2040-01-23-00:00,698.923,0,0,647.395,0,51.5278,0
Oahu,2040-01-23-02:00,679.387,0,0,617.64,40.5189,21.2277,0
Oahu,2040-01-23-04:00,676.033,0,0,666.3,0,9.73339,0
Oahu,2040-01-23-06:00,869.686,0,0,834.039,0,35.6475,0
Oahu,2040-01-23-08:00,1149.18,0,0,877.635,138.287,133.256,0
Oahu,2040-01-23-10:00,1411.35,0,0,900.799,417.032,93.5164,0
Oahu,2040-01-23-12:00,1215.01,0,0,907.096,233.832,74.0782,0
Oahu,2040-01-23-14:00,1183.99,0,0,901.971,190.163,91.8514,0
Oahu,2040-01-23-16:00,1098.57,0,0,897.378,84.2433,116.953,0
Oahu,2040-01-23-18:00,1122.07,0,0,958.557,0,163.511,0
Oahu,2040-01-23-20:00,1028.3,0,0,882.051,0,146.248,0
Oahu,2040-01-23-22:00,849.63,0,0,744.864,0,104.766,0
Oahu,2040-02-23-00:00,722.843,0,0,671.316,0,51.5278,0
Oahu,2040-02-23-02:00,690.671,0,0,629.199,40.2442,21.2277,0
Oahu,2040-02-23-04:00,648.514,0,0,638.781,0,9.73339,0
Oahu,2040-02-23-06:00,751.575,0,0,715.927,0,35.6475,0
Oahu,2040-02-23-08:00,1203.06,0,0,838.38,231.424,133.256,0
Oahu,2040-02-23-10:00,1388.47,0,0,888.961,405.997,93.5164,0
Oahu,2040-02-23-12:00,1515.56,0,0,890.89,550.592,74.0782,0
Oahu,2040-02-23-14:00,1518.55,0,0,888.007,538.694,91.8514,0
Oahu,2040-02-23-16:00,1413.01,0,0,897.467,398.585,116.953,0
Oahu,2040-02-23-18:00,1096.08,0,0,932.564,0,163.511,0
Oahu,2040-02-23-20:00,1026.63,0,0,880.381,0,146.248,0
Oahu,2040-02-23-22:00,887.883,0,0,783.117,0,104.766,0
Oahu,2040-03-23-00:00,720.52,0,0,668.992,0,51.5278,0
Oahu,2040-03-23-02:00,651.244,0,0,630.016,0,21.2277,0
Oahu,2040-03-23-04:00,647.56,0,0,637.827,0,9.73339,0
Oahu,2040-03-23-06:00,728.656,0,0,693.008,0,35.6475,0
Oahu,2040-03-23-08:00,1951.26,0,0,804.209,1013.79,133.256,0
Oahu,2040-03-23-10:00,1946.18,0,0,838.871,1013.79,93.5164,0
Oahu,2040-03-23-12:00,1911.29,0,0,843.791,993.422,74.0782,0
Oahu,2040-03-23-14:00,1947,0,0,841.351,1013.79,91.8514,0
Oahu,2040-03-23-16:00,1931.06,0,0,850.777,963.325,116.953,0
Oahu,2040-03-23-18:00,1046.15,0,0,882.644,0,163.511,0
Oahu,2040-03-23-20:00,1003.32,0,0,857.074,0,146.248,0
Oahu,2040-03-23-22:00,858.476,0,0,753.71,0,104.766,0
Oahu,2040-04-23-00:00,705.165,0,0,653.637,0,51.5278,0
Oahu,2040-04-23-02:00,644.961,0,0,623.733,0,21.2277,0
Oahu,2040-04-23-04:00,673.921,0,0,664.187,0,9.73339,0
Oahu,2040-04-23-06:00,854.686,0,0,819.039,0,35.6475,0
Oahu,2040-04-23-08:00,1453.47,0,0,903.314,416.895,133.256,0
Oahu,2040-04-23-10:00,1493.89,0,0,943.209,457.165,93.5164,0
Oahu,2040-04-23-12:00,1510.89,0,0,957.153,479.661,74.0782,0
Oahu,2040-04-23-14:00,1368.31,0,0,960.09,316.37,91.8514,0
Oahu,2040-04-23-16:00,1477.53,0,0,952.396,408.182,116.953,0
Oahu,2040-04-23-18:00,1116.73,0,0,953.221,0,163.511,0
Oahu,2040-04-23-20:00,1061.15,0,0,914.9,0,146.248,0
Oahu,2040-04-23-22:00,871.935,0,0,767.17,0,104.766,0
Oahu,2040-05-23-00:00,748.168,0,0,696.64,0,51.5278,0
Oahu,2040-05-23-02:00,686.09,0,0,664.862,0,21.2277,0
Oahu,2040-05-23-04:00,721.974,0,0,712.24,0,9.73339,0
Oahu,2040-05-23-06:00,900.674,0,0,865.027,0,35.6475,0
Oahu,2040-05-23-08:00,1623.52,0,0,950.992,539.271,133.256,0
Oahu,2040-05-23-10:00,1507.23,0,0,985.606,428.107,93.5164,0
Oahu,2040-05-23-12:00,1688.14,0,0,992.564,621.501,74.0782,0
Oahu,2040-05-23-14:00,1406.68,0,0,984.638,330.189,91.8514,0
Oahu,2040-05-23-16:00,1218.83,0,0,954.127,147.748,116.953,0
Oahu,2040-05-23-18:00,1100.63,0,0,937.123,0,163.511,0
Oahu,2040-05-23-20:00,1052.78,0,0,906.531,0,146.248,0
Oahu,2040-05-23-22:00,901.049,0,0,796.283,0,104.766,0
Oahu,2040-06-23-00:00,736.194,0,0,684.666,0,51.5278,0
Oahu,2040-06-23-02:00,673.85,0,0,652.622,0,21.2277,0
Oahu,2040-06-23-04:00,704.452,0,0,694.719,0,9.73339,0
Oahu,2040-06-23-06:00,870.157,0,0,834.509,0,35.6475,0
Oahu,2040-06-23-08:00,1499.92,0,0,928.005,438.658,133.256,0
Oahu,2040-06-23-10:00,1565.14,0,0,975.942,495.679,93.5164,0
Oahu,2040-06-23-12:00,1647.19,0,0,989.388,583.728,74.0782,0
Oahu,2040-06-23-14:00,1557.22,0,0,990.594,474.77,91.8514,0
Oahu,2040-06-23-16:00,1302.49,0,0,974.204,211.336,116.953,0
Oahu,2040-06-23-18:00,1118.41,0,0,954.897,0,163.511,0
Oahu,2040-06-23-20:00,1090.38,0,0,944.129,0,146.248,0
Oahu,2040-06-23-22:00,910.345,0,0,805.579,0,104.766,0
Oahu,2040-07-23-00:00,771.408,0,0,719.88,0,51.5278,0
Oahu,2040-07-23-02:00,705.567,0,0,684.339,0,21.2277,0
Oahu,2040-07-23-04:00,730.99,0,0,721.256,0,9.73339,0
Oahu,2040-07-23-06:00,893.539,0,0,857.892,0,35.6475,0
Oahu,2040-07-23-08:00,1078.37,0,0,945.111,0,133.256,0
Oahu,2040-07-23-10:00,1478.56,0,0,993.838,391.21,93.5164,0
Oahu,2040-07-23-12:00,1288.28,0,0,1003.73,210.479,74.0782,0
Oahu,2040-07-23-14:00,1312.63,0,0,1000.09,220.683,91.8514,0
Oahu,2040-07-23-16:00,1498.23,0,0,990.765,390.511,116.953,0
Oahu,2040-07-23-18:00,1133.08,0,0,969.57,0,163.511,0
Oahu,2040-07-23-20:00,1094.18,0,0,947.932,0,146.248,0
Oahu,2040-07-23-22:00,922.394,0,0,817.628,0,104.766,0
Oahu,2040-08-23-00:00,766.092,0,0,714.564,0,51.5278,0
Oahu,2040-08-23-02:00,693.525,0,0,672.297,0,21.2277,0
Oahu,2040-08-23-04:00,691.21,0,0,681.477,0,9.73339,0
Oahu,2040-08-23-06:00,793.467,0,0,757.819,0,35.6475,0
Oahu,2040-08-23-08:00,1637.85,0,0,886.126,618.471,133.256,0
Oahu,2040-08-23-10:00,1249.7,0,0,934.05,222.134,93.5164,0
Oahu,2040-08-23-12:00,1633.26,0,0,937.764,621.415,74.0782,0
Oahu,2040-08-23-14:00,1397.3,0,0,934.139,371.306,91.8514,0
Oahu,2040-08-23-16:00,1416.69,0,0,928.891,370.844,116.953,0
Oahu,2040-08-23-18:00,1082.55,0,0,919.036,0,163.511,0
Oahu,2040-08-23-20:00,1046.15,0,0,899.9,0,146.248,0
Oahu,2040-08-23-22:00,917.583,0,0,812.817,0,104.766,0
Oahu,2040-09-23-00:00,740.515,0,0,688.987,0,51.5278,0
Oahu,2040-09-23-02:00,682.532,0,0,661.304,0,21.2277,0
Oahu,2040-09-23-04:00,722.28,0,0,712.547,0,9.73339,0
Oahu,2040-09-23-06:00,897.785,0,0,862.137,0,35.6475,0
Oahu,2040-09-23-08:00,1605.49,0,0,942.289,529.944,133.256,0
Oahu,2040-09-23-10:00,1308.87,0,0,976.917,238.435,93.5164,0
Oahu,2040-09-23-12:00,1908.58,0,0,993.041,841.456,74.0782,0
Oahu,2040-09-23-14:00,1855.86,0,0,993.907,770.098,91.8514,0
Oahu,2040-09-23-16:00,1593.73,0,0,978.395,498.378,116.953,0
Oahu,2040-09-23-18:00,1171.91,0,0,1008.4,0,163.511,0
Oahu,2040-09-23-20:00,1071.48,0,0,925.231,0,146.248,0
Oahu,2040-09-23-22:00,888.591,0,0,783.826,0,104.766,0
Oahu,2040-10-23-00:00,737.06,0,0,685.532,0,51.5278,0
Oahu,2040-10-23-02:00,677.625,0,0,656.398,0,21.2277,0
Oahu,2040-10-23-04:00,705.447,0,0,695.714,0,9.73339,0
Oahu,2040-10-23-06:00,878.532,0,0,842.885,0,35.6475,0
Oahu,2040-10-23-08:00,1898.58,0,0,918.116,847.212,133.256,0
Oahu,2040-10-23-10:00,1638.92,0,0,954.386,591.02,93.5164,0
Oahu,2040-10-23-12:00,1499.92,0,0,968.112,457.731,74.0782,0
Oahu,2040-10-23-14:00,1924.23,0,0,964.793,867.589,91.8514,0
Oahu,2040-10-23-16:00,1243.66,0,0,951.612,175.091,116.953,0
Oahu,2040-10-23-18:00,1150.48,0,0,986.969,0,163.511,0
Oahu,2040-10-23-20:00,1053.24,0,0,906.994,0,146.248,0
Oahu,2040-10-23-22:00,885.845,0,0,781.079,0,104.766,0
Oahu,2040-11-23-00:00,709.172,0,0,657.645,0,51.5278,0
Oahu,2040-11-23-02:00,649.786,0,0,628.558,0,21.2277,0
Oahu,2040-11-23-04:00,652.76,0,0,643.026,0,9.73339,0
Oahu,2040-11-23-06:00,738.054,0,0,702.406,0,35.6475,0
Oahu,2040-11-23-08:00,1237.62,0,0,812.681,291.681,133.256,0
Oahu,2040-11-23-10:00,1267.82,0,0,863.228,311.074,93.5164,0
Oahu,2040-11-23-12:00,1428.55,0,0,858.798,495.674,74.0782,0
Oahu,2040-11-23-14:00,1261.28,0,0,850.395,319.035,91.8514,0
Oahu,2040-11-23-16:00,1174.93,0,0,872.053,185.92,116.953,0
Oahu,2040-11-23-18:00,1105.87,0,0,942.357,0,163.511,0
Oahu,2040-11-23-20:00,1015.92,0,0,869.675,0,146.248,0
Oahu,2040-11-23-22:00,860.213,0,0,755.448,0,104.766,0
Oahu,2040-12-23-00:00,712.41,0,0,660.882,0,51.5278,0
Oahu,2040-12-23-02:00,643.938,0,0,622.711,0,21.2277,0
Oahu,2040-12-23-04:00,673.873,0,0,664.139,0,9.73339,0
Oahu,2040-12-23-06:00,833.826,0,0,798.178,0,35.6475,0
Oahu,2040-12-23-08:00,1018.18,0,0,884.927,0,133.256,0
Oahu,2040-12-23-10:00,1344.7,0,0,924.482,326.706,93.5164,0
Oahu,2040-12-23-12:00,1475.32,0,0,925.19,476.047,74.0782,0
Oahu,2040-12-23-14:00,1658.06,0,0,919.65,646.557,91.8514,0
Oahu,2040-12-23-16:00,1197.99,0,0,907.199,173.842,116.953,0
Oahu,2040-12-23-18:00,1115.93,0,0,952.416,0,163.511,0
Oahu,2040-12-23-20:00,1035.98,0,0,889.732,0,146.248,0
Oahu,2040-12-23-22:00,889.062,0,0,784.296,0,104.766,0
Oahu,2045-01-23-00:00,727.435,0,0,661.515,0,65.9202,0
Oahu,2045-01-23-02:00,657.936,0,0,630.779,0,27.157,0
Oahu,2045-01-23-04:00,693.495,0,0,681.043,0,12.4521,0
Oahu,2045-01-23-06:00,899.918,0,0,854.313,0,45.6044,0
Oahu,2045-01-23-08:00,1327.09,0,0,899.347,257.264,170.477,0
Oahu,2045-01-23-10:00,1974.15,0,0,923.275,931.242,119.637,0
Oahu,2045-01-23-12:00,2181.7,0,0,929.78,1157.15,94.7694,0
Oahu,2045-01-23-14:00,2032.94,0,0,924.486,990.945,117.507,0
Oahu,2045-01-23-16:00,1217.99,0,0,919.741,148.625,149.62,0
Oahu,2045-01-23-18:00,1192.12,0,0,982.937,0,209.182,0
Oahu,2045-01-23-20:00,1091.01,0,0,903.909,0,187.097,0
Oahu,2045-01-23-22:00,896.226,0,0,762.198,0,134.028,0
Oahu,2045-02-23-00:00,752.145,0,0,686.224,0,65.9202,0
Oahu,2045-02-23-02:00,669.876,0,0,642.719,0,27.157,0
Oahu,2045-02-23-04:00,665.069,0,0,652.617,0,12.4521,0
Oahu,2045-02-23-06:00,777.911,0,0,732.307,0,45.6044,0
Oahu,2045-02-23-08:00,1548.12,0,0,858.798,518.843,170.477,0
Oahu,2045-02-23-10:00,2266.09,0,0,911.047,1235.4,119.637,0
Oahu,2045-02-23-12:00,2440.2,0,0,913.039,1432.39,94.7694,0
Oahu,2045-02-23-14:00,2223.69,0,0,910.061,1196.12,117.507,0
Oahu,2045-02-23-16:00,1702.61,0,0,919.833,633.162,149.62,0
Oahu,2045-02-23-18:00,1165.27,0,0,956.088,0,209.182,0
Oahu,2045-02-23-20:00,1089.28,0,0,902.184,0,187.097,0
Oahu,2045-02-23-22:00,935.741,0,0,801.712,0,134.028,0
Oahu,2045-03-23-00:00,749.744,0,0,683.824,0,65.9202,0
Oahu,2045-03-23-02:00,670.72,0,0,643.563,0,27.157,0
Oahu,2045-03-23-04:00,664.083,0,0,651.631,0,12.4521,0
Oahu,2045-03-23-06:00,754.236,0,0,708.632,0,45.6044,0
Oahu,2045-03-23-08:00,1523.84,0,0,823.5,529.861,170.477,0
Oahu,2045-03-23-10:00,2318.85,0,0,859.305,1339.91,119.637,0
Oahu,2045-03-23-12:00,1720.9,0,0,864.387,761.739,94.7694,0
Oahu,2045-03-23-14:00,979.374,0,0,861.867,0,117.507,0
Oahu,2045-03-23-16:00,1907.22,0,0,871.603,885.996,149.62,0
Oahu,2045-03-23-18:00,1113.7,0,0,904.521,0,209.182,0
Oahu,2045-03-23-20:00,1065.21,0,0,878.108,0,187.097,0
Oahu,2045-03-23-22:00,905.364,0,0,771.335,0,134.028,0
Oahu,2045-04-23-00:00,733.883,0,0,667.963,0,65.9202,0
Oahu,2045-04-23-02:00,664.23,0,0,637.073,0,27.157,0
Oahu,2045-04-23-04:00,691.313,0,0,678.861,0,12.4521,0
Oahu,2045-04-23-06:00,884.423,0,0,838.819,0,45.6044,0
Oahu,2045-04-23-08:00,1663.73,0,0,925.873,567.378,170.477,0
Oahu,2045-04-23-10:00,2305.28,0,0,967.084,1218.56,119.637,0
Oahu,2045-04-23-12:00,2547.59,0,0,981.487,1471.34,94.7694,0
Oahu,2045-04-23-14:00,2276.21,0,0,984.521,1174.18,117.507,0
Oahu,2045-04-23-16:00,1710.67,0,0,976.573,584.472,149.62,0
Oahu,2045-04-23-18:00,1186.61,0,0,977.425,0,209.182,0
Oahu,2045-04-23-20:00,1124.94,0,0,937.84,0,187.097,0
Oahu,2045-04-23-22:00,919.268,0,0,785.239,0,134.028,0
Oahu,2045-05-23-00:00,778.305,0,0,712.384,0,65.9202,0
Oahu,2045-05-23-02:00,706.715,0,0,679.558,0,27.157,0
Oahu,2045-05-23-04:00,740.95,0,0,728.498,0,12.4521,0
Oahu,2045-05-23-06:00,931.928,0,0,886.323,0,45.6044,0
Oahu,2045-05-23-08:00,1982.88,0,0,975.123,837.285,170.477,0
Oahu,2045-05-23-10:00,2171.69,0,0,1010.88,1041.18,119.637,0
Oahu,2045-05-23-12:00,2344.34,0,0,1018.07,1231.51,94.7694,0
Oahu,2045-05-23-14:00,1989.78,0,0,1009.88,862.399,117.507,0
Oahu,2045-05-23-16:00,1408.13,0,0,978.361,280.151,149.62,0
Oahu,2045-05-23-18:00,1169.98,0,0,960.797,0,209.182,0
Oahu,2045-05-23-20:00,1116.29,0,0,929.196,0,187.097,0
Oahu,2045-05-23-22:00,949.341,0,0,815.313,0,134.028,0
Oahu,2045-06-23-00:00,765.936,0,0,700.015,0,65.9202,0
Oahu,2045-06-23-02:00,694.071,0,0,666.914,0,27.157,0
Oahu,2045-06-23-04:00,722.851,0,0,710.399,0,12.4521,0
Oahu,2045-06-23-06:00,900.404,0,0,854.799,0,45.6044,0
Oahu,2045-06-23-08:00,1933.16,0,0,951.378,811.302,170.477,0
Oahu,2045-06-23-10:00,2081.26,0,0,1000.9,960.73,119.637,0
Oahu,2045-06-23-12:00,2580.89,0,0,1014.79,1471.34,94.7694,0
Oahu,2045-06-23-14:00,2115.39,0,0,1016.03,981.85,117.507,0
Oahu,2045-06-23-16:00,1453.05,0,0,999.101,304.325,149.62,0
Oahu,2045-06-23-18:00,1188.34,0,0,979.157,0,209.182,0
Oahu,2045-06-23-20:00,1155.13,0,0,968.034,0,187.097,0
Oahu,2045-06-23-22:00,958.944,0,0,824.915,0,134.028,0
Oahu,2045-07-23-00:00,802.31,0,0,736.39,0,65.9202,0
Oahu,2045-07-23-02:00,726.834,0,0,699.678,0,27.157,0
Oahu,2045-07-23-04:00,750.264,0,0,737.812,0,12.4521,0
Oahu,2045-07-23-06:00,924.557,0,0,878.953,0,45.6044,0
Oahu,2045-07-23-08:00,1310.75,0,0,969.048,171.227,170.477,0
Oahu,2045-07-23-10:00,2329.66,0,0,1019.38,1190.64,119.637,0
Oahu,2045-07-23-12:00,1913.11,0,0,1029.6,788.74,94.7694,0
Oahu,2045-07-23-14:00,1791.62,0,0,1025.84,648.269,117.507,0
Oahu,2045-07-23-16:00,1786.84,0,0,1016.21,621.015,149.62,0
Oahu,2045-07-23-18:00,1203.5,0,0,994.314,0,209.182,0
Oahu,2045-07-23-20:00,1159.06,0,0,971.962,0,187.097,0
Oahu,2045-07-23-22:00,971.39,0,0,837.362,0,134.028,0
Oahu,2045-08-23-00:00,796.819,0,0,730.899,0,65.9202,0
Oahu,2045-08-23-02:00,714.395,0,0,687.238,0,27.157,0
Oahu,2045-08-23-04:00,709.173,0,0,696.721,0,12.4521,0
Oahu,2045-08-23-06:00,821.185,0,0,775.58,0,45.6044,0
Oahu,2045-08-23-08:00,2048.35,0,0,908.118,969.754,170.477,0
Oahu,2045-08-23-10:00,1917.57,0,0,957.622,840.306,119.637,0
Oahu,2045-08-23-12:00,2478.86,0,0,961.459,1422.64,94.7694,0
Oahu,2045-08-23-14:00,2160.4,0,0,957.714,1085.18,117.507,0
Oahu,2045-08-23-16:00,1799.96,0,0,952.293,698.044,149.62,0
Oahu,2045-08-23-18:00,1151.3,0,0,942.114,0,209.182,0
Oahu,2045-08-23-20:00,1109.44,0,0,922.346,0,187.097,0
Oahu,2045-08-23-22:00,966.42,0,0,832.391,0,134.028,0
Oahu,2045-09-23-00:00,770.399,0,0,704.479,0,65.9202,0
Oahu,2045-09-23-02:00,703.04,0,0,675.883,0,27.157,0
Oahu,2045-09-23-04:00,741.267,0,0,728.815,0,12.4521,0
Oahu,2045-09-23-06:00,928.943,0,0,883.338,0,45.6044,0
Oahu,2045-09-23-08:00,1978.09,0,0,966.133,841.479,170.477,0
Oahu,2045-09-23-10:00,1727.93,0,0,1001.9,606.386,119.637,0
Oahu,2045-09-23-12:00,2063.89,0,0,1018.56,950.565,94.7694,0
Oahu,2045-09-23-14:00,2485.81,0,0,1019.45,1348.85,117.507,0
Oahu,2045-09-23-16:00,1945.42,0,0,1003.43,792.371,149.62,0
Oahu,2045-09-23-18:00,1243.6,0,0,1034.42,0,209.182,0
Oahu,2045-09-23-20:00,1135.61,0,0,948.513,0,187.097,0
Oahu,2045-09-23-22:00,936.473,0,0,802.444,0,134.028,0
Oahu,2045-10-23-00:00,766.83,0,0,700.909,0,65.9202,0
Oahu,2045-10-23-02:00,697.971,0,0,670.814,0,27.157,0
Oahu,2045-10-23-04:00,723.879,0,0,711.427,0,12.4521,0
Oahu,2045-10-23-06:00,909.055,0,0,863.451,0,45.6044,0
Oahu,2045-10-23-08:00,2103.84,0,0,941.163,992.199,170.477,0
Oahu,2045-10-23-10:00,2084.98,0,0,978.629,986.712,119.637,0
Oahu,2045-10-23-12:00,2558.91,0,0,992.807,1471.34,94.7694,0
Oahu,2045-10-23-14:00,2146.6,0,0,989.379,1039.72,117.507,0
Oahu,2045-10-23-16:00,1513.6,0,0,975.764,388.214,149.62,0
Oahu,2045-10-23-18:00,1221.47,0,0,1012.29,0,209.182,0
Oahu,2045-10-23-20:00,1116.77,0,0,929.674,0,187.097,0
Oahu,2045-10-23-22:00,933.636,0,0,799.607,0,134.028,0
Oahu,2045-11-23-00:00,738.023,0,0,672.103,0,65.9202,0
Oahu,2045-11-23-02:00,669.214,0,0,642.057,0,27.157,0
Oahu,2045-11-23-04:00,669.454,0,0,657.002,0,12.4521,0
Oahu,2045-11-23-06:00,763.944,0,0,718.34,0,45.6044,0
Oahu,2045-11-23-08:00,1656.7,0,0,832.251,653.97,170.477,0
Oahu,2045-11-23-10:00,2080.86,0,0,884.465,1076.76,119.637,0
Oahu,2045-11-23-12:00,2292.59,0,0,879.889,1317.93,94.7694,0
Oahu,2045-11-23-14:00,1792.53,0,0,871.209,803.81,117.507,0
Oahu,2045-11-23-16:00,1128.91,0,0,893.581,85.7131,149.62,0
Oahu,2045-11-23-18:00,1175.39,0,0,966.204,0,209.182,0
Oahu,2045-11-23-20:00,1078.22,0,0,891.124,0,187.097,0
Oahu,2045-11-23-22:00,907.159,0,0,773.131,0,134.028,0
Oahu,2045-12-23-00:00,741.367,0,0,675.447,0,65.9202,0
Oahu,2045-12-23-02:00,663.174,0,0,636.017,0,27.157,0
Oahu,2045-12-23-04:00,691.264,0,0,678.812,0,12.4521,0
Oahu,2045-12-23-06:00,862.874,0,0,817.27,0,45.6044,0
Oahu,2045-12-23-08:00,1077.36,0,0,906.879,0,170.477,0
Oahu,2045-12-23-10:00,1822.13,0,0,947.738,754.755,119.637,0
Oahu,2045-12-23-12:00,2064.26,0,0,948.471,1021.02,94.7694,0
Oahu,2045-12-23-14:00,2460.53,0,0,942.747,1400.28,117.507,0
Oahu,2045-12-23-16:00,1360.17,0,0,929.885,280.666,149.62,0
Oahu,2045-12-23-18:00,1185.78,0,0,976.594,0,209.182,0
Oahu,2045-12-23-20:00,1098.94,0,0,911.842,0,187.097,0
Oahu,2045-12-23-22:00,936.958,0,0,802.93,0,134.028,0
